Report ID,Report Version,Reporting Entity,Report Type,Report Month,Report Year,Report Submission Date,VIN,VIN - Unknown,Serial Number,Make,Model,Model - Unknown,Model Year,Model Year - Unknown,Same Vehicle ID,Mileage,Mileage - Unknown,Driver / Operator Type,ADAS/ADS System Version,ADAS/ADS System Version - Unk,ADAS/ADS System Version CBI,ADAS/ADS Hardware Version,ADAS/ADS Hardware Version - Unk,ADAS/ADS Hardware Version CBI,ADAS/ADS Software Version,ADAS/ADS Software Version - Unk,ADAS/ADS Software Version CBI,Other Reporting Entities?,Other Reporting Entities? - Unk,Other Reporting Entities? - NA,Federal Regulatory Exemption?,Other Federal Reg. Exemption,Federal Reg. Exemption - Unk,Federal Reg. Exemption - No,State or Local Permit?,State or Local Permit,ADS Equipped?,Automation System Engaged?,Operating Entity,Operating Entity - Unknown,Source - Complaint/Claim,Source - Telematics,Source - Law Enforcement,Source - Field Report,Source - Testing,Source - Media,Source - Other,Source - Other Text,Incident Date,Incident Date - Unknown,Notice Received Date,Incident Time (24:00),Incident Time - Unknown,Same Incident ID,Latitude,Latitude - Unknown,Longitude,Longitude - Unknown,Address,Address - Unknown,City,City - Unknown,State,Zip Code,Zip Code - Unknown,Roadway Type,Roadway Surface,Roadway Description,Posted Speed Limit (MPH),Posted Speed Limit - Unknown,Lighting,Weather - Clear,Weather - Snow,Weather - Cloudy,Weather - Fog/Smoke,Weather - Rain,Weather - Severe Wind,Weather - Unknown,Weather - Other,Weather - Other Text,Crash With,Highest Injury Severity Alleged,Property Damage?,CP Pre-Crash Movement,CP Any Air Bags Deployed?,CP Was Vehicle Towed?,CP Contact Area - Rear Left,CP Contact Area - Left,CP Contact Area - Front Left,CP Contact Area - Rear,CP Contact Area - Top,CP Contact Area - Front,CP Contact Area - Rear Right,CP Contact Area - Right,CP Contact Area - Front Right,CP Contact Area - Bottom,CP Contact Area - Unknown,SV Pre-Crash Movement,SV Any Air Bags Deployed?,SV Was Vehicle Towed?,SV Were All Passengers Belted?,SV Precrash Speed (MPH),SV Pre-crash Speed - Unknown,SV Contact Area - Rear Left,SV Contact Area - Left,SV Contact Area - Front Left,SV Contact Area - Rear,SV Contact Area - Top,SV Contact Area - Front,SV Contact Area - Rear Right,SV Contact Area - Right,SV Contact Area - Front Right,SV Contact Area - Bottom,SV Contact Area - Unknown,Data Availability - EDR,Data Availability - Police Rpt,Data Availability - Telematics,Data Availability - Complaints,Data Availability - Video,Data Availability - Other,Data Availability - No Data,Data Availability - Unknown,Law Enforcement Investigating?,Investigating Agency,Investigating Agency - Unknown,Rep Ent Or Mfr Investigating?,Investigating Officer Name,Inv. Officer Name - Unknown,Investigating Officer Phone,Inv. Officer Phone - Unknown,Investigating Officer Email,Inv. Officer Email - Unknown,Within ODD?,Within ODD? - CBI,Narrative,Narrative - CBI?
502-7283,1,Ford Motor Company,5-Day,,,MAR-2024,1FMCU0BZ5MU, ,N/A,Ford,Escape, ,2021, ,e86e88b4d741d24,24042, ,Consumer,CoPilot 360 Assist+, , ,"[REDACTED, MAY CONTAIN CONFIDENTIAL BUSINESS INFORMATION]", ,Y,"[REDACTED, MAY CONTAIN CONFIDENTIAL BUSINESS INFORMATION]", ,Y,, ,Y,,, ,Y,No,,No,ADAS,, ,Y, , , , , , ,,FEB-2024, ,MAR-2024,11:41, ,40e94ffa0a7aa67,,Y,,Y,[MAY CONTAIN PERSONALLY IDENTIFIABLE INFORMATION], ,Libertyville Twp, ,IL ,[MAY CONTAIN PERSONALLY IDENTIFIABLE INFORMATION], ,Highway / Freeway,Dry,No Unusual Conditions,65, ,Daylight,Y, , , , , , , ,,Passenger Car,No Injuries Reported,Yes,Changing Lanes,No,No,Y, , , , , , , , , , ,Proceeding Straight,Yes,Yes,Yes,65, ,Y,Y,Y, , ,Y, ,Y,Y, , , ,Y, , , , , , ,No,, ,No,, ,, ,, ,Yes, ,"The driver of the Escape was traveling east on [XXX] while using ACC/LCA. A BMW in the adjacent lane abruptly cut into the driver's lane, resulting in a collision with the front-right of the Escape. The impact caused the Escape to veer off the roadway and collide with the center median barrier, leading to additional damage on the front and left side of the vehicle. The driver of the BMW fled the scene. No injuries were reported. The airbags on the Escape deployed, and the vehicle was towed from the scene.",
753-6931,4,"Kia America, Inc.",Update,,,MAR-2024,5XYP54GC4PG, ,[MAY CONTAIN PERSONALLY IDENTIFIABLE INFORMATION],KIA,TELLURIDE, ,2023, ,3e6a411d67ace4e,7500, ,Consumer,HDA, , ,"Due to multiple components, no version can be provided", , ,"Due to multiple components, no version can be provided", , ,,Y, ,,, ,Y,No,,No,ADAS,, ,Y, , , , , , ,,DEC-2023, ,JAN-2024,20:00, ,d2b91431230e17e,[MAY CONTAIN PERSONALLY IDENTIFIABLE INFORMATION], ,[MAY CONTAIN PERSONALLY IDENTIFIABLE INFORMATION], ,[MAY CONTAIN PERSONALLY IDENTIFIABLE INFORMATION], ,LAKE CITY, ,FL ,[MAY CONTAIN PERSONALLY IDENTIFIABLE INFORMATION], ,Highway / Freeway,Dry,Unknown,70, ,Unknown, , , , , , ,Y, ,,"Other, see Narrative",Minor,No,"Other, see Narrative",Not Applicable,Not Applicable, , , , , , , , , , ,Y,Proceeding Straight,Yes,Yes,Yes,77, ,Y, ,Y,Y,Y,Y,Y,Y,Y, , ,Y, , ,Y, ,Y, , ,Unknown,,Y,Yes,,Y,,Y,,Y,"Unknown, see Narrative", ,"Customer contacted Kia's Customer Care Center on 1/4/24 to provide details regarding an incident that had occurred on 12/14/23 involving his 2023MY Kia Telluride. Customer reported that while driving, along w/ 3 passengers, on [XXX] in the State of GA, there was a bend in the road & the vehicle didn't make the turn in time & the vehicle ran into wet grass. The customer stated he was unable to recover control of the vehicle once it made contact w/ the wet grass. Customer reported that the vehicle ""hit berms, trees, signs & also began to roll until the vehicle settled to a stop."" The customer reported he was driving 77mph in a 70mph zone. The customer indicated that Highway Driving Assist (HDA) and Smart Cruise Control (SCC) features were engaged 30 seconds before the incident. The airbags deployed & reported minor injuries of ""cuts, scratches, wounds, bumps & bruises"". The customer alleged that the lane departure system didn't work properly & wanted a new vehicle or compensation in order to purchase another vehicle. Kia notes that based on available information, the incident occurred in FL.
The subject Kia Telluride is equipped w/ HDA, Lane Following Assist (LFA) and SCC. HDA is a supplemental system that helps maintain a set distance & speed from the vehicle ahead when driving on a highway & helps keep the vehicle between lanes while driving. HDA may not be able to recognize all traffic situations & may not detect possible collisions due to limitations of the system. LFA is also a supplemental system that helps to detect lane markings and/or vehicles on the road, & assists the driver's steering to help keep the vehicle between lanes. LFA does not operate at all times & it's the responsibility of the driver to safely steer the vehicle & to maintain the vehicle in its lane. Based on the available information, the customer appears to have a misunderstanding of the capabilities of the vehicle's LFA function & appears to have relied on LFA to steer the vehicle.
*1/16/24: Monthly Update
Kia is working w/ ODI engineer, Joe Teitelman to schedule a joint inspection of the subject vehicle in Jacksonville, FL. The owner has consented to the EDR being downloaded which will be done when the vehicle is inspected. At the time of this update, the current proposed date for inspection is set for 1/31/24. Kia has no further information at this time.
*2/15/24: Monthly Update
The joint inspection with ODI engineer Joseph Teitelman occurred on 1/31/24. On 2/12/24, Kia submitted the EDR report w/ a request for confidentiality via NHTSA's SLFTS portal. On 2/14/24, Joseph Teitelman also requested the diagnostic reports from the subject vehicle which was submitted by Kia w/ a CBI request the following day, 2/15/24 via NHTSA SLFTS portal.
*3/15/24: Monthly Update
Kia engineer reviewed the EDR data previously submitted to NHTSA and identified the following: 1) the vehicle's safety restraint systems operated normally & without fault in each impact 2) the SCC system was engaged before the crash, however, the throttle was being pressed by the driver, overriding the system's operation and 3) the EDR does not record any lane assist function operation, however, the steering angles recorded in the data from -3.0 to 0.0 seconds before crash are above the threshold for what the system can provide both for rate of rotation and total angle. As a result, no vehicle or manufacturing concern was identified and the cause of the crash was most likely due to driver error.",
753-7087,2,"Kia America, Inc.",Update,,,MAR-2024,5XXG64J2XNG, ,[MAY CONTAIN PERSONALLY IDENTIFIABLE INFORMATION],KIA,K5, ,2022, ,2defac2e339e2e1,32000, ,Consumer,HDA, , ,"Due to multiple components, no version can be provided", , ,"Due to multiple components, no version can be provided", , ,,Y, ,,,Y, ,No,,No,ADAS,, ,Y, , , , , , ,,OCT-2023, ,FEB-2024,22:30, ,e59a15746951989,,Y,,Y,[MAY CONTAIN PERSONALLY IDENTIFIABLE INFORMATION], ,BRICK TOWNSHIP, ,NJ ,[MAY CONTAIN PERSONALLY IDENTIFIABLE INFORMATION], ,Highway / Freeway,Wet,"Other, see Narrative",70, ,Dark - Lighted, , , , ,Y, , , ,,"Other, see Narrative",No Injuries Reported,No,Changing Lanes,Unknown,Unknown, , , , , , , , , , ,Y,Proceeding Straight,No,Yes,Yes,75, , , , , , , , , , , ,Y, , , ,Y, , , , ,Unknown,,Y,Yes,,Y,,Y,,Y,"Unknown, see Narrative", ,"Customer contacted Kia's Customer Care Center on February 6, 2024 to provide details regarding an incident that had occurred on October [XXX], 2023 involving his 2022MY Kia K5. Customer reported that while driving northbound on the [XXX], between [XXX] and [XXX], a vehicle merged into the customer's lane. Customer ""slammed on the brakes,"" ""hydroplaned,"" and rear ended the other vehicle. The vehicle was towed, but there were no injuries alleged. Customer alleged that the vehicle's airbags did not deploy and requested payment or replacement of the vehicle.
The subject Kia K5 is equipped with Highway Driving Assist (HDA) and Smart Cruise Control (SCC). HDA is a supplemental system that helps maintain a set distance and speed from the vehicle ahead when driving on a highway and helps keep the vehicle between lanes while driving. HDA may not be able to recognize all traffic situations and may not detect possible collisions due to limitations of the system.
Customer indicated that HDA was on at the time of the accident or in the 30 seconds immediately prior to the accident. However, customer also indicated that the SCC was not in the same timeframe. One of the requirements for HDA to be activated is that SCC must already be activated. Kia's Customer Care Center has attempted to contact the customer to request clarification, but the customer has not responded.
Despite no allegation about a defect or malfunction in the HDA, Kia is reporting this incident out of an abundance of caution based on the information currently available.
*3/15/2024: Monthly Update*
Following submission of the report to NHTSA, customer requested that Kia Customer Care assist her with her insurance company.  Customer specifically stated ""I know my airbags didn't deploy but that doesn't concern me. I'm really just seeing what you guys can do to help me with my insurance."" Kia advised customer of options for handling. No further information provided regarding HDA.  As previously indicated, customer did not identify a failure or malfunction with HDA. No further contact from customer.",
753-6768,5,"Kia America, Inc.",Update,,,MAR-2024,5XXG64J27RG, ,[MAY CONTAIN PERSONALLY IDENTIFIABLE INFORMATION],KIA,K5, ,2024, ,4ce7b2fa13cd731,2824, ,Consumer,HDA, , ,"Due to multiple components, no version can be provided", , ,"Due to multiple components, no version can be provided", , ,,Y, ,,, ,Y,No,,No,"Unknown, see Narrative",, ,Y, , , , , , ,,NOV-2023, ,DEC-2023,07:40, ,b8a3a73b39baa16,,Y,,Y,[MAY CONTAIN PERSONALLY IDENTIFIABLE INFORMATION], ,Aurora, ,CO ,[MAY CONTAIN PERSONALLY IDENTIFIABLE INFORMATION], ,Highway / Freeway,Dry,"Other, see Narrative",65, ,Daylight,Y, , , , , , ,Y,Completely dry warm weather,"Other, see Narrative",Moderate,No,"Other, see Narrative",Unknown,Unknown, , , , , , , , , , ,Y,Proceeding Straight,Yes,Yes,Yes,65, , ,Y,Y, , ,Y, , ,Y, , ,Y, , ,Y, , , , ,Unknown,,Y,Yes,,Y,,Y,,Y,"Unknown, see Narrative", ,"The owner (father of the driver) of a 2024MY Kia K5 contacted Kia's Customer Care Center on 12/5/2023 indicating his son was driving the subject vehicle when the traffic slowed down suddenly and was involved in an accident. The father was not a passenger or witness to the accident. The father reported his son was traveling approximately 60-65mph when a ""Ford Explorer may have cut him off, [REDACTED, MAY CONTAIN CONFIDENTIAL BUSINESS INFORMATION] he had no time to brake, and hit the [REDACTED, MAY CONTAIN CONFIDENTIAL BUSINESS INFORMATION]"". The ""car did [REDACTED, MAY CONTAIN CONFIDENTIAL BUSINESS INFORMATION] alert or brake"" prior to impact. The father indicated his son did not remember if he had hit the brakes.
The subject Kia K5 is equipped with Highway Driving Assist (HDA), Lane Following Assist (LFA) and Smart Cruise Control (SCC). HDA is a supplemental system that helps maintain a set distance and speed from the vehicle ahead when driving on a highway and helps keep the vehicle between lanes while driving. HDA may not be able to recognize all traffic situations and may not detect possible collisions due to limitations of the system. LFA is also a supplemental system that helps to detect lane markings and/or vehicles on the road, and assists the driver's steering to help keep the vehicle between lanes. LFA does not operate at all times and it is the responsibility of the driver to safely steer the vehicle and to maintain the vehicle in its lane.
The father reported that HDA and LFA were engaged but SCC was not. It is unclear whether HDA was in fact engaged since the father reported SCC was not. Kia is currently working with the father to retrieve the vehicle's ACU but has no further information at this time.
*10-Day Update*
After Kia's 1-Day report was submitted, the customer provided Kia with photos of the vehicle. Kia has no further update at this time.
*1/16/2024: Monthly Update*
On 12/18/2023, ODI engineer Joseph Teitelman requested some additional information regarding the vehicle.  Kia responded on the same day.  The ACU for the subject vehicle was shipped to Kia America on 1/11/2024 and is currently in transit. Once received, Kia will download the EDR and provide to Joe Teitelman per his request via the provided SLFTS link.
*2/15/2024: Monthly Update*
On 1/23/2024, Kia submitted the requested EDR report to Mr. Teitelman via NHTSA's SLFTS portal.
*3/15/2024: Monthly Update*
Kia engineer reviewed the EDR data previously submitted to NHTSA and identified the following: 1) Vehicle was travelling 111-112 kph pre-crash (69-70 mph) 2) Smart Cruise Control was off during the entire 5 seconds pre-crash and was not being operated in L2 mode during this time 3) Driver pressed brakes at 0.5 seconds pre-crash in conjunction with FCA providing braking force which activated ABS 4) Forward Collision Avoidance Assist provided Level 1 warning from -0.8 to -0.7 seconds before the crash 5) FCA provided Level 2 warning from -0.6 to 0.0 seconds before the crash and 6) Brake pressure was recorded at 154.2 bar at 0.5 seconds pre-crash.  The vehicle systems appear to have operated as designed.",
13781-7359,1,"Tesla, Inc.",5-Day,,,MAR-2024,5YJ3E1EBXJF, ,N/A,Tesla,Model 3, ,2018, ,a045976770a9c38,33170, ,Consumer,"[REDACTED, MAY CONTAIN CONFIDENTIAL BUSINESS INFORMATION]", ,Y,"[REDACTED, MAY CONTAIN CONFIDENTIAL BUSINESS INFORMATION]", ,Y,"[REDACTED, MAY CONTAIN CONFIDENTIAL BUSINESS INFORMATION]", ,Y,,Y, ,,, ,Y,No,,No,ADAS,, , ,Y, , , , , ,,MAR-2024, ,MAR-2024,20:57, ,83148aca448d18e,[MAY CONTAIN PERSONALLY IDENTIFIABLE INFORMATION], ,[MAY CONTAIN PERSONALLY IDENTIFIABLE INFORMATION], ,[MAY CONTAIN PERSONALLY IDENTIFIABLE INFORMATION], ,Venice, ,FL ,[MAY CONTAIN PERSONALLY IDENTIFIABLE INFORMATION], ,Highway / Freeway,Dry,Unknown,45, ,Daylight,Y, , , , , , , ,,Unknown,Unknown,Yes,Unknown,Unknown,Unknown, , , , , , , , , , ,Y,Proceeding Straight,Yes,Unknown,Unknown,32, , , , , , , , , , , ,Y,Y, ,Y, ,Y,Y, , ,Unknown,,Y,Unknown,,Y,,Y,,Y,"[REDACTED, MAY CONTAIN CONFIDENTIAL BUSINESS INFORMATION]",Y,"[REDACTED, MAY CONTAIN CONFIDENTIAL BUSINESS INFORMATION]",Y
13781-7358,1,"Tesla, Inc.",5-Day,,,MAR-2024,5YJ3E1EB6KF, ,N/A,Tesla,Model 3, ,2019, ,9fe427de85b650a,82723, ,Consumer,"[REDACTED, MAY CONTAIN CONFIDENTIAL BUSINESS INFORMATION]", ,Y,"[REDACTED, MAY CONTAIN CONFIDENTIAL BUSINESS INFORMATION]", ,Y,"[REDACTED, MAY CONTAIN CONFIDENTIAL BUSINESS INFORMATION]", ,Y,,Y, ,,, ,Y,No,,No,ADAS,, , ,Y, , , , , ,,MAR-2024, ,MAR-2024,11:03, ,c9aafa9842b1bd0,[MAY CONTAIN PERSONALLY IDENTIFIABLE INFORMATION], ,[MAY CONTAIN PERSONALLY IDENTIFIABLE INFORMATION], ,[MAY CONTAIN PERSONALLY IDENTIFIABLE INFORMATION], ,Bakersfield, ,CA ,[MAY CONTAIN PERSONALLY IDENTIFIABLE INFORMATION], ,Highway / Freeway,Dry,No Unusual Conditions,70, ,Dark - Not Lighted,Y, , , , , , , ,,Pickup Truck,Unknown,Yes,Traveling Wrong Way,Unknown,Unknown,Y,Y,Y, , , , , , , , ,Proceeding Straight,Yes,Unknown,Unknown,77, ,Y,Y,Y, , , , , , , , ,Y, ,Y, ,Y,Y, , ,Unknown,,Y,Unknown,,Y,,Y,,Y,"[REDACTED, MAY CONTAIN CONFIDENTIAL BUSINESS INFORMATION]",Y,"[REDACTED, MAY CONTAIN CONFIDENTIAL BUSINESS INFORMATION]",Y
13781-7355,1,"Tesla, Inc.",5-Day,,,MAR-2024,7SAYGDEF7NF, ,N/A,Tesla,Model Y, ,2022, ,4e4abef64b4cf2f,57162, ,Consumer,"[REDACTED, MAY CONTAIN CONFIDENTIAL BUSINESS INFORMATION]", ,Y,"[REDACTED, MAY CONTAIN CONFIDENTIAL BUSINESS INFORMATION]", ,Y,"[REDACTED, MAY CONTAIN CONFIDENTIAL BUSINESS INFORMATION]", ,Y,,Y, ,,, ,Y,No,,No,ADAS,, , ,Y, , , , , ,,MAR-2024, ,MAR-2024,08:25, ,15dcde789396145,[MAY CONTAIN PERSONALLY IDENTIFIABLE INFORMATION], ,[MAY CONTAIN PERSONALLY IDENTIFIABLE INFORMATION], ,[MAY CONTAIN PERSONALLY IDENTIFIABLE INFORMATION], ,Huntington Beach, ,CA ,[MAY CONTAIN PERSONALLY IDENTIFIABLE INFORMATION], ,Street,Dry,Unknown,45, ,Dark - Lighted,Y, , , , , , , ,,Unknown,Unknown,Yes,Unknown,Unknown,Unknown, , , , , , , , , , ,Y,Proceeding Straight,Yes,Unknown,Unknown,50, , , , , , , , , , , ,Y,Y, ,Y, ,Y,Y, , ,Unknown,,Y,Unknown,,Y,,Y,,Y,"[REDACTED, MAY CONTAIN CONFIDENTIAL BUSINESS INFORMATION]",Y,"[REDACTED, MAY CONTAIN CONFIDENTIAL BUSINESS INFORMATION]",Y
13781-7354,1,"Tesla, Inc.",5-Day,,,MAR-2024,5YJ3E1EA1JF, ,N/A,Tesla,Model 3, ,2018, ,79d7e77de41a13f,56530, ,Consumer,"[REDACTED, MAY CONTAIN CONFIDENTIAL BUSINESS INFORMATION]", ,Y,"[REDACTED, MAY CONTAIN CONFIDENTIAL BUSINESS INFORMATION]", ,Y,"[REDACTED, MAY CONTAIN CONFIDENTIAL BUSINESS INFORMATION]", ,Y,,Y, ,,, ,Y,No,,No,ADAS,, , ,Y, , , , , ,,MAR-2024, ,MAR-2024,04:07, ,4369b52fa8a9ac3,[MAY CONTAIN PERSONALLY IDENTIFIABLE INFORMATION], ,[MAY CONTAIN PERSONALLY IDENTIFIABLE INFORMATION], ,[MAY CONTAIN PERSONALLY IDENTIFIABLE INFORMATION], ,Rancho Cucamonga, ,CA ,[MAY CONTAIN PERSONALLY IDENTIFIABLE INFORMATION], ,Intersection,Dry,No Unusual Conditions,45, ,Dark - Lighted,Y, , , , , , , ,,SUV,Unknown,Yes,Proceeding Straight,Yes,Unknown, ,Y,Y, , ,Y, , , , , ,Making Left Turn,Yes,Unknown,Unknown,7, , , ,Y, , ,Y, , ,Y, , ,Y, ,Y, ,Y,Y, , ,Unknown,,Y,Unknown,,Y,,Y,,Y,"[REDACTED, MAY CONTAIN CONFIDENTIAL BUSINESS INFORMATION]",Y,"[REDACTED, MAY CONTAIN CONFIDENTIAL BUSINESS INFORMATION]",Y
13781-7353,1,"Tesla, Inc.",5-Day,,,MAR-2024,7SAYGDEE6NF, ,N/A,Tesla,Model Y, ,2022, ,13a1d3a713e30c3,20863, ,Consumer,"[REDACTED, MAY CONTAIN CONFIDENTIAL BUSINESS INFORMATION]", ,Y,"[REDACTED, MAY CONTAIN CONFIDENTIAL BUSINESS INFORMATION]", ,Y,"[REDACTED, MAY CONTAIN CONFIDENTIAL BUSINESS INFORMATION]", ,Y,,Y, ,,, ,Y,No,,No,ADAS,, , ,Y, , , , , ,,MAR-2024, ,MAR-2024,01:13, ,829980c1c3dcd52,[MAY CONTAIN PERSONALLY IDENTIFIABLE INFORMATION], ,[MAY CONTAIN PERSONALLY IDENTIFIABLE INFORMATION], ,[MAY CONTAIN PERSONALLY IDENTIFIABLE INFORMATION], ,Peoria, ,AZ ,,Y,Highway / Freeway,Wet,No Unusual Conditions,65, ,Daylight, , ,Y, ,Y, , , ,,Other Fixed Object,Unknown,Yes,,,, , , , , , , , , , , ,Proceeding Straight,Yes,Unknown,Unknown,,Y, , ,Y, , ,Y, , ,Y, , ,Y, ,Y, ,Y,Y, , ,Unknown,,Y,Unknown,,Y,,Y,,Y,"[REDACTED, MAY CONTAIN CONFIDENTIAL BUSINESS INFORMATION]",Y,"[REDACTED, MAY CONTAIN CONFIDENTIAL BUSINESS INFORMATION]",Y
13781-7352,1,"Tesla, Inc.",5-Day,,,MAR-2024,5YJ3E1EA1JF, ,N/A,Tesla,Model 3, ,2018, ,7f29a0decc60bf5,48928, ,Consumer,"[REDACTED, MAY CONTAIN CONFIDENTIAL BUSINESS INFORMATION]", ,Y,"[REDACTED, MAY CONTAIN CONFIDENTIAL BUSINESS INFORMATION]", ,Y,"[REDACTED, MAY CONTAIN CONFIDENTIAL BUSINESS INFORMATION]", ,Y,,Y, ,,, ,Y,No,,No,ADAS,, , ,Y, , , , , ,,MAR-2024, ,MAR-2024,19:28, ,f4b1381f000d682,[MAY CONTAIN PERSONALLY IDENTIFIABLE INFORMATION], ,[MAY CONTAIN PERSONALLY IDENTIFIABLE INFORMATION], ,[MAY CONTAIN PERSONALLY IDENTIFIABLE INFORMATION], ,Houston, ,TX ,[MAY CONTAIN PERSONALLY IDENTIFIABLE INFORMATION], ,Unknown,Unknown,Unknown,,Y,Unknown, , , , , , ,Y, ,,Unknown,Unknown,Yes,Unknown,Unknown,Unknown, , , , , , , , , , ,Y,Proceeding Straight,Yes,Unknown,Unknown,38, , , , , , , , , , , ,Y,Y, ,Y, , ,Y, , ,Unknown,,Y,Unknown,,Y,,Y,,Y,"[REDACTED, MAY CONTAIN CONFIDENTIAL BUSINESS INFORMATION]",Y,"[REDACTED, MAY CONTAIN CONFIDENTIAL BUSINESS INFORMATION]",Y
540-7305,1,"General Motors, LLC",5-Day,,,MAR-2024,1GTUUHEL8PZ, ,N/A,GMC,Sierra 1500, ,2023, ,675e8848dd75f29,18653, ,Consumer,Level 2, , ,,Y, ,,Y, ,, ,Y,,, ,Y,No,,No,ADAS,, , ,Y, , , , ,Y,OnStar call,MAR-2024, ,MAR-2024,13:19, ,83d0dfe05d5b33e,[MAY CONTAIN PERSONALLY IDENTIFIABLE INFORMATION], ,[MAY CONTAIN PERSONALLY IDENTIFIABLE INFORMATION], ,[MAY CONTAIN PERSONALLY IDENTIFIABLE INFORMATION], ,Newport, ,MI ,[MAY CONTAIN PERSONALLY IDENTIFIABLE INFORMATION], ,Street,Dry,No Unusual Conditions,70, ,Daylight, , , , , , , ,Y,partly cloudy,Heavy Truck,Unknown,Yes,Stopped,Unknown,Unknown, , , , , , , , , , ,Y,Proceeding Straight,Yes,Unknown,Yes,61, , , ,Y, , , , , , , , , , ,Y, , ,Y, , ,Unknown,,Y,No,,Y,,Y,,Y,Yes, ,"On the afternoon of March [XXX], 2024, a 2023 model year GMC Sierra 1500 Crew Cab was travelling northwest on [XXX] in Newport, Michigan with Super Cruise engaged.  According to the OnStar call, the driver claims to have been tired and closed his eyes for a second and then hit a stationary construction/work vehicle.  Telematics data indicates an impact to the driver side front corner at 1:19:31 PM EST.  Telematics data also indicates the driver and passenger front and side airbags and seat belt pretensioners deployed.  Super Cruise was active 91 seconds prior to crash and was disabled approximately 1 second prior to crash.  The last recorded vehicle speed was 61 mph at five seconds prior to impact.",