Report ID,Report Version,Reporting Entity,Report Type,Report Month,Report Year,Report Submission Date,VIN,VIN - Unknown,Serial Number,Make,Model,Model - Unknown,Model Year,Model Year - Unknown,Same Vehicle ID,Mileage,Mileage - Unknown,Driver / Operator Type,ADAS/ADS System Version,ADAS/ADS System Version - Unk,ADAS/ADS System Version CBI,ADAS/ADS Hardware Version,ADAS/ADS Hardware Version - Unk,ADAS/ADS Hardware Version CBI,ADAS/ADS Software Version,ADAS/ADS Software Version - Unk,ADAS/ADS Software Version CBI,Other Reporting Entities?,Other Reporting Entities? - Unk,Other Reporting Entities? - NA,Federal Regulatory Exemption?,Other Federal Reg. Exemption,Federal Reg. Exemption - Unk,Federal Reg. Exemption - No,State or Local Permit?,State or Local Permit,ADS Equipped?,Automation System Engaged?,Operating Entity,Operating Entity - Unknown,Source - Complaint/Claim,Source - Telematics,Source - Law Enforcement,Source - Field Report,Source - Testing,Source - Media,Source - Other,Source - Other Text,Incident Date,Incident Date - Unknown,Notice Received Date,Incident Time (24:00),Incident Time - Unknown,Same Incident ID,Latitude,Latitude - Unknown,Longitude,Longitude - Unknown,Address,Address - Unknown,City,City - Unknown,State,Zip Code,Zip Code - Unknown,Roadway Type,Roadway Surface,Roadway Description,Posted Speed Limit (MPH),Posted Speed Limit - Unknown,Lighting,Weather - Clear,Weather - Snow,Weather - Cloudy,Weather - Fog/Smoke,Weather - Rain,Weather - Severe Wind,Weather - Unknown,Weather - Other,Weather - Other Text,Crash With,Highest Injury Severity Alleged,Property Damage?,CP Pre-Crash Movement,CP Any Air Bags Deployed?,CP Was Vehicle Towed?,CP Contact Area - Rear Left,CP Contact Area - Left,CP Contact Area - Front Left,CP Contact Area - Rear,CP Contact Area - Top,CP Contact Area - Front,CP Contact Area - Rear Right,CP Contact Area - Right,CP Contact Area - Front Right,CP Contact Area - Bottom,CP Contact Area - Unknown,SV Pre-Crash Movement,SV Any Air Bags Deployed?,SV Was Vehicle Towed?,SV Were All Passengers Belted?,SV Precrash Speed (MPH),SV Pre-crash Speed - Unknown,SV Contact Area - Rear Left,SV Contact Area - Left,SV Contact Area - Front Left,SV Contact Area - Rear,SV Contact Area - Top,SV Contact Area - Front,SV Contact Area - Rear Right,SV Contact Area - Right,SV Contact Area - Front Right,SV Contact Area - Bottom,SV Contact Area - Unknown,Data Availability - EDR,Data Availability - Police Rpt,Data Availability - Telematics,Data Availability - Complaints,Data Availability - Video,Data Availability - Other,Data Availability - No Data,Data Availability - Unknown,Law Enforcement Investigating?,Investigating Agency,Investigating Agency - Unknown,Rep Ent Or Mfr Investigating?,Investigating Officer Name,Inv. Officer Name - Unknown,Investigating Officer Phone,Inv. Officer Phone - Unknown,Investigating Officer Email,Inv. Officer Email - Unknown,Within ODD?,Within ODD? - CBI,Narrative,Narrative - CBI?
753-6415,3,"Kia America, Inc.",Update,,,FEB-2024,5XYK4CAF7PG, ,[MAY CONTAIN PERSONALLY IDENTIFIABLE INFORMATION],KIA,SPORTAGE, ,2023, ,466ad07f2f118c9,12000, ,Consumer,,Y, ,,Y, ,,Y, ,,Y, ,,, ,Y,No,,No,"Unknown, see Narrative",, ,Y, , , , , , ,,OCT-2023, ,OCT-2023,12:30, ,5ee2fc122ef1e56,,Y,,Y,[MAY CONTAIN PERSONALLY IDENTIFIABLE INFORMATION], ,JOPPA, ,MD ,,Y,Highway / Freeway,Dry,Traffic Incident,65, ,Daylight,Y, , , , , , , ,,"Other, see Narrative",No Injuries Reported,No,"Other, see Narrative",No,No, , , , , , , , , , ,Y,Proceeding Straight,No,Yes,Yes,25, , , , , , ,Y, ,Y,Y, , ,Y, , ,Y, , , , ,No,, ,Yes,, ,, ,, ,"Unknown, see Narrative", ,"*10/6/23: 5-Day Incident Report*
Customer contacted Kia's Customer Care Center on October 3, 2023 indicating she ""hit the vehicle in front of her ""while driving her 2023 Kia Sportage and that the by the time she realized it, the vehicle did not stop and was not able to apply the brakes quick enough.  Specifically, the customer reported that she was driving on in traffic on [XXX] for about 10 mins and cruise control was on and set to 65mph and ""was fine before with slowing down and picking back up."" Customer indicated she was going 25mph when she hit an 18 wheeler truck in front of her.  She reported the front was of Sportage was ""caved in"" and that she could not drive the vehicle.  The airbags did not deploy. There were no reported injuries.  The vehicle was towed.  When asked by Customer Care, the customer reported that HDA and cruise control were engaged at the time of the incident but customer did not allege that either of those systems caused the accident. Customer requested that Kia repair the vehicle if not totaled by her insurance company.
The subject Kia Sportage is equipped with Highway Driving Assist (HDA).  HDA is a supplemental system that helps maintain a set distance and speed from the vehicle ahead when driving on a highway and helps keep the vehicle between lanes while driving.  HDA may not be able to recognize all traffic situations and may not detect possible collisions due to limitations of the system.  Obstacles such as vehicles, motorcycles, bicycles, pedestrians, unspecified objects and structures that may collide with the vehicle may not be detected.
Based on the customer's comment of ""by the time she realized it, I was not able to apply the brakes quick enough"", it appears that the customer may have been distracted at the time of the incident.  Kia is currently working with the customer to retrieve the vehicle's ACU but has no further information at this time.
* 10/13/23: 10- Day Update*
There are no new updates. Kia continues to work to obtain the ACU.
* 2/15/23: February Monthly Update*
On 2/15/2024, Kia submitted an update to Mr. Teitelman via NHTSA's SLFTS portal. The update stated that the EDR report has not yet been retrieved from the customer and Kia will send the EDR report to Mr. Teitelman when it is received. In addition, as of 1/23/2024, the dealership requested and was provided the customer's information, and Kia Customer Care notified the customer that the dealership will contact the customer to schedule a new appointment.",
10039-6833,4,"BMW of North America, LLC",Update,,,FEB-2024,WB523CF03PC, ,N/A,BMW,iX xDrive50, ,2023, ,29c2d5bc98ea995,19052, ,Consumer,"[REDACTED, MAY CONTAIN CONFIDENTIAL BUSINESS INFORMATION]",Y,Y,"[REDACTED, MAY CONTAIN CONFIDENTIAL BUSINESS INFORMATION]",Y,Y,"[REDACTED, MAY CONTAIN CONFIDENTIAL BUSINESS INFORMATION]",Y,Y,,Y, ,,, ,Y,No,,No,ADAS,, ,Y, , , , , , ,,DEC-2023, ,DEC-2023,06:00, ,dd9ce4e15764e8f,,Y,,Y,,Y,Bel Air, ,MD ,[MAY CONTAIN PERSONALLY IDENTIFIABLE INFORMATION], ,Highway / Freeway,Unknown,Unknown,,Y,"Other, see Narrative", , , ,Y, , , , ,,Other Fixed Object,No Injuries Reported,Yes,,,, , , , , , , , , , , ,Proceeding Straight,Yes,Yes,Unknown,59, ,Y,Y,Y, , ,Y, , ,Y, , ,Y, , , , , , , ,Unknown,,Y,Yes,,Y,,Y,,Y,"[REDACTED, MAY CONTAIN CONFIDENTIAL BUSINESS INFORMATION]",Y,"[REDACTED, MAY CONTAIN CONFIDENTIAL BUSINESS INFORMATION]",Y
1243-6797,2,"Subaru of America, Inc.",Update,,,FEB-2024,4S4WMAKD3P3, ,N/A,Subaru,Ascent, ,2023, ,3846e127e1a4019,3679, ,Consumer,"[REDACTED, MAY CONTAIN CONFIDENTIAL BUSINESS INFORMATION]", ,Y,,Y, ,,Y, ,, ,Y,,, ,Y,No,,No,ADAS,, ,Y, , , , , , ,,DEC-2023, ,DEC-2023,17:52, ,8e641eb732c117b,[MAY CONTAIN PERSONALLY IDENTIFIABLE INFORMATION], ,[MAY CONTAIN PERSONALLY IDENTIFIABLE INFORMATION], ,[MAY CONTAIN PERSONALLY IDENTIFIABLE INFORMATION], ,Hainesport, ,NJ ,[MAY CONTAIN PERSONALLY IDENTIFIABLE INFORMATION], ,Street,Wet,No Unusual Conditions,45, ,Dark - Lighted, , ,Y, ,Y, , , ,,Other Fixed Object,Minor,Yes,,,, , , , , , , , , , , ,Proceeding Straight,Yes,Yes,Yes,42, , , ,Y, ,Y,Y, , ,Y, , ,Y, ,Y, , , , , ,Unknown,,Y,Yes,,Y,,Y,,Y,"[REDACTED, MAY CONTAIN CONFIDENTIAL BUSINESS INFORMATION]",Y,"According to the customer narrative, the vehicle was being operated on Friday, December [XXX], 2023 at approximately 5:52PM EST with Adaptive Cruise Control (ACC) and Lane Centering (LCF) engaged in an area near the Country Farm service station located on [XXX] ([XXX]). The customer described the roadway as being wet but not slippery, and that it had just stopped raining. The customer indicated that the vehicle was traveling at the posted speed limit (45 MPH) when the incident occurred and that the vehicle struck a pole and a mailbox, entering the service station property before being brought to a stop. The driver's frontal and knee airbags deployed, and the vehicle sustained front bumper and roof damage and was towed from the scene. The customer claimed to have sustained bruising from the seatbelt, whiplash and a concussion. The customer stated that she frequently uses the ACC and LCF features.
Subaru inspected the subject vehicle on 01/16/2024. [REDACTED, MAY CONTAIN CONFIDENTIAL BUSINESS INFORMATION]
Further analysis [REDACTED, MAY CONTAIN CONFIDENTIAL BUSINESS INFORMATION] indicated that LCF was cancelled and the cancel alert (including audible and visual warnings) was provided to the driver [REDACTED, MAY CONTAIN CONFIDENTIAL BUSINESS INFORMATION] The reason for the cancellation was the system could not recognize the white line, most likely due to environmental factors including darkness and a wet and reflective road surface. Additionally, a site inspection noted the roadway as being a local country road with one lane of travel in each direction with multiple points of access and breaks in the lane markings. It was also noted that where the crash occurred, some steering correction is needed to maintain the centerline of the roadway.
Based on the inspection and data acquired, Subaru determined that there were no abnormalities in the ACC or LCF systems. The LCF function was cancelled due to the inability of the system to detect the lane lines. Visual and audible warnings were provided to prompt the driver to retake full control of the steering function. The driver allowed the vehicle to leave the roadway.",Y
753-7109,1,"Kia America, Inc.",1-Day,,,FEB-2024,5XXG64J21RG, ,[MAY CONTAIN PERSONALLY IDENTIFIABLE INFORMATION],KIA,K5, ,2024, ,49a61b44129e530,,Y,Consumer,HDA, , ,"Due to multiple components, no version can be provided", , ,"Due to multiple components, no version can be provided", , ,,Y, ,,,Y, ,No,,No,ADAS,, ,Y, , , , , , ,,OCT-2023, ,OCT-2023,3:30, ,e0d690170f9260a,,Y,,Y,[MAY CONTAIN PERSONALLY IDENTIFIABLE INFORMATION], ,Culver, ,CA ,,Y,Highway / Freeway,Dry,No Unusual Conditions,65, ,Dawn / Dusk,Y, , , , , , , ,,Other Fixed Object,Minor,No,,,, , , , , , , , , , , ,Proceeding Straight,Yes,Yes,"No, see Narrative",75, ,Y,Y,Y, , ,Y, , ,Y, , , , , ,Y, ,Y, , ,Unknown,,Y,Yes,,Y,,Y,,Y,"Unknown, see Narrative", ,"Customer contacted Kia Customer Care on October 31, 2023 to report that his 2024MY Kia K5 was involved in an accident.  Specifically, the customer reported that he was driving to work at 3:30a.m. at 75mph in the HOV lane with cruise control engaged.  Customer stated he felt the steering lift his arm and pull him to the left and then woke up and realized he had hit a wall.  The vehicle was towed to a Kia dealer from the scene.  Customer reported he cut his bottom left lip and chin (received stiches) and was taken to the hospital.  Customer wanted to know why the steering wheel pulled to the left.  
The subject Kia K5 is equipped with Highway Driving Assist (HDA). HDA is a supplemental system that helps maintain a set distance and speed from the vehicle ahead when driving on a highway and helps keep the vehicle between lanes while driving. The driver is responsible for controlling the vehicle for safe driving as HDA is not an autonomous driving system.  In addition, HDA may not be able to recognize all trac situations and may not detect possible collisions due to limitations of the system.  
Kia inspected the vehicle on November 29, 2023. Damage to the left front corner and steering wheel was identified.  In addition, it was noted that the driver was not wearing his seatbelt at the time of the crash as the drivers seatbelt pretensioner had fired in the stowed position.  It is likely that the unbelted driver may have caused damage to the steering wheel during the impact with center divider.  Kia attempted to download the EDR but could not do so due to damage to the OBD II connection.  A further attempt to back power the modules via the internal fuses was made but was also unsuccessful.  Kia requested the dealer to remove the ACU and send it to Kia America for further evaluation, but the dealer mistakenly sent the ECU instead of the ACU.  Kia is planning on making another attempt to download the EDR this week.  If that is not possible, the ACU will be removed so further analysis can be done at Kia America.            
Kia was originally informed of this incident in October 2023. However, due to an error by the agent taking the call, the wrong form/script was used and thus the incident was not properly routed to the Kia department responsible for SGO submissions.  During Kias TREAD review for Q4 2023, the case was identified and determined to satisfy the SGO requirements.  Kia is reviewing its internal processes and taking steps to ensure that this does not occur in the future.",
13781-7102,1,"Tesla, Inc.",5-Day,,,FEB-2024,5YJYGAEE8MF, ,N/A,Tesla,Model Y, ,2021, ,4c10cf7123c684a,102164, ,Consumer,"[REDACTED, MAY CONTAIN CONFIDENTIAL BUSINESS INFORMATION]", ,Y,"[REDACTED, MAY CONTAIN CONFIDENTIAL BUSINESS INFORMATION]", ,Y,"[REDACTED, MAY CONTAIN CONFIDENTIAL BUSINESS INFORMATION]", ,Y,,Y, ,,, ,Y,No,,No,ADAS,, , ,Y, , , , , ,,FEB-2024, ,FEB-2024,06:05, ,3751f6106cea30a,[MAY CONTAIN PERSONALLY IDENTIFIABLE INFORMATION], ,[MAY CONTAIN PERSONALLY IDENTIFIABLE INFORMATION], ,[MAY CONTAIN PERSONALLY IDENTIFIABLE INFORMATION], ,Dublin, ,CA ,[MAY CONTAIN PERSONALLY IDENTIFIABLE INFORMATION], ,Highway / Freeway,Dry,No Unusual Conditions,65, ,Dark - Not Lighted, , ,Y, , , , , ,,Passenger Car,Unknown,Yes,"Other, see Narrative",Unknown,Unknown,Y,Y, , , , , , , , , ,Proceeding Straight,Yes,Unknown,Unknown,64, , , , , , , , ,Y,Y, , ,Y, ,Y, ,Y,Y, , ,Unknown,,Y,Unknown,,Y,,Y,,Y,"[REDACTED, MAY CONTAIN CONFIDENTIAL BUSINESS INFORMATION]",Y,"[REDACTED, MAY CONTAIN CONFIDENTIAL BUSINESS INFORMATION]",Y
13781-7101,1,"Tesla, Inc.",5-Day,,,FEB-2024,5YJYGDEE7MF, ,N/A,Tesla,Model Y, ,2021, ,07ad990713296f0,18309, ,Consumer,"[REDACTED, MAY CONTAIN CONFIDENTIAL BUSINESS INFORMATION]", ,Y,"[REDACTED, MAY CONTAIN CONFIDENTIAL BUSINESS INFORMATION]", ,Y,"[REDACTED, MAY CONTAIN CONFIDENTIAL BUSINESS INFORMATION]", ,Y,,Y, ,,, ,Y,No,,No,ADAS,, , ,Y, , , , , ,,FEB-2024, ,FEB-2024,05:13, ,36f4d75095825a7,[MAY CONTAIN PERSONALLY IDENTIFIABLE INFORMATION], ,[MAY CONTAIN PERSONALLY IDENTIFIABLE INFORMATION], ,[MAY CONTAIN PERSONALLY IDENTIFIABLE INFORMATION], ,Los Angeles, ,CA ,[MAY CONTAIN PERSONALLY IDENTIFIABLE INFORMATION], ,Highway / Freeway,Wet,No Unusual Conditions,65, ,Dark - Not Lighted, , ,Y, ,Y, , , ,,Other Fixed Object,Unknown,Yes,,,, , , , , , , , , , , ,Proceeding Straight,Yes,Yes,Unknown,40, ,Y,Y,Y, , , , , , , , ,Y, ,Y, ,Y,Y, , ,Unknown,,Y,Unknown,,Y,,Y,,Y,"[REDACTED, MAY CONTAIN CONFIDENTIAL BUSINESS INFORMATION]",Y,"[REDACTED, MAY CONTAIN CONFIDENTIAL BUSINESS INFORMATION]",Y
753-7087,1,"Kia America, Inc.",5-Day,,,FEB-2024,5XXG64J2XNG, ,[MAY CONTAIN PERSONALLY IDENTIFIABLE INFORMATION],KIA,K5, ,2022, ,2defac2e339e2e1,32000, ,Consumer,HDA, , ,"Due to multiple components, no version can be provided", , ,"Due to multiple components, no version can be provided", , ,,Y, ,,,Y, ,No,,No,ADAS,, ,Y, , , , , , ,,OCT-2023, ,FEB-2024,22:30, ,e59a15746951989,,Y,,Y,[MAY CONTAIN PERSONALLY IDENTIFIABLE INFORMATION], ,BRICK TOWNSHIP, ,NJ ,[MAY CONTAIN PERSONALLY IDENTIFIABLE INFORMATION], ,Highway / Freeway,Wet,"Other, see Narrative",70, ,Dark - Lighted, , , , ,Y, , , ,,"Other, see Narrative",No Injuries Reported,No,Changing Lanes,Unknown,Unknown, , , , , , , , , , ,Y,Proceeding Straight,No,Yes,Yes,75, , , , , , , , , , , ,Y, , , ,Y, , , , ,Unknown,,Y,Yes,,Y,,Y,,Y,"Unknown, see Narrative", ,"Customer contacted Kias Customer Care Center on February 6, 2024 to provide details regarding an incident that had occurred on October [XXX], 2023 involving his 2022MY Kia K5. Customer reported that while driving northbound on the [XXX], between [XXX] and [XXX], a vehicle merged into the customers lane. Customer slammed on the br[REDACTED, MAY CONTAIN CONFIDENTIAL BUSINESS INFORMATION]s, hydroplaned, and rear ended the other vehicle. The vehicle was towed, but there were no injuries alleged. Customer alleged that the vehicles airbags did not deploy and requested payment or replacement of the vehicle.
The subject Kia K5 is equipped with Highway Driving Assist (HDA) and Smart Cruise Control (SCC). HDA is a supplemental system that helps maintain a set distance and speed from the vehicle ahead when driving on a highway and helps keep the vehicle between lanes while driving. HDA may not be able to recognize all trac situations and may not detect possible collisions due to limitations of the system.
Customer indicated that HDA was on at the time of the accident or in the 30 seconds immediately prior to the accident. However, customer also indicated that the SCC was not in the same timeframe. One of the requirements for HDA to be activated is that SCC must already be activated. Kias Customer Care Center has attempted to contact the customer to request clarification, but the customer has not responded.
Despite no allegation about a defect or malfunction in the HDA, Kia is reporting this incident out of an abundance of caution based on the information currently available.",
13781-7086,1,"Tesla, Inc.",5-Day,,,FEB-2024,5YJ3E1EA2PF, ,N/A,Tesla,Model 3, ,2023, ,32ee875d2c0d7fe,,Y,Consumer,"[REDACTED, MAY CONTAIN CONFIDENTIAL BUSINESS INFORMATION]", ,Y,"[REDACTED, MAY CONTAIN CONFIDENTIAL BUSINESS INFORMATION]",Y,Y,"[REDACTED, MAY CONTAIN CONFIDENTIAL BUSINESS INFORMATION]",Y,Y,,Y, ,,, ,Y,No,,No,"Unknown, see Narrative",, ,Y, , , , , , ,,JAN-2024, ,FEB-2024,,Y,98218e2e06d749e,[MAY CONTAIN PERSONALLY IDENTIFIABLE INFORMATION], ,[MAY CONTAIN PERSONALLY IDENTIFIABLE INFORMATION], ,[MAY CONTAIN PERSONALLY IDENTIFIABLE INFORMATION], ,Irvine, ,CA ,,Y,Highway / Freeway,Wet,No Unusual Conditions,60, ,Daylight, , ,Y, ,Y, , , ,,Pickup Truck,Unknown,Yes,Proceeding Straight,Unknown,Unknown, , , , , ,Y, ,Y,Y, , ,"Other, see Narrative",Yes,Unknown,Unknown,37, , , ,Y, , ,Y, , ,Y, , ,Y, ,Y,Y,Y,Y, , ,Unknown,,Y,Unknown,,Y,,Y,,Y,"[REDACTED, MAY CONTAIN CONFIDENTIAL BUSINESS INFORMATION]",Y,"[REDACTED, MAY CONTAIN CONFIDENTIAL BUSINESS INFORMATION]",Y
13781-7085,1,"Tesla, Inc.",5-Day,,,FEB-2024,7SAYGDEE1PF, ,N/A,Tesla,Model Y, ,2023, ,bf3ef5f7573c603,10688, ,Consumer,"[REDACTED, MAY CONTAIN CONFIDENTIAL BUSINESS INFORMATION]", ,Y,"[REDACTED, MAY CONTAIN CONFIDENTIAL BUSINESS INFORMATION]", ,Y,"[REDACTED, MAY CONTAIN CONFIDENTIAL BUSINESS INFORMATION]", ,Y,,Y, ,,, ,Y,No,,No,ADAS,, , ,Y, , , , , ,,FEB-2024, ,FEB-2024,06:05, ,d675674fb48469d,[MAY CONTAIN PERSONALLY IDENTIFIABLE INFORMATION], ,[MAY CONTAIN PERSONALLY IDENTIFIABLE INFORMATION], ,[MAY CONTAIN PERSONALLY IDENTIFIABLE INFORMATION], ,Stoughton, ,MA ,[MAY CONTAIN PERSONALLY IDENTIFIABLE INFORMATION], ,Unknown,Unknown,Unknown,25, ,Unknown, , , , , , ,Y, ,,Unknown,Unknown,Yes,Unknown,Unknown,Unknown, , , , , , , , , , ,Y,"Other, see Narrative",Yes,Unknown,Unknown,58, , , , , , , , , , , ,Y,Y, ,Y, , ,Y, , ,Unknown,,Y,Unknown,,Y,,Y,,Y,"[REDACTED, MAY CONTAIN CONFIDENTIAL BUSINESS INFORMATION]",Y,"[REDACTED, MAY CONTAIN CONFIDENTIAL BUSINESS INFORMATION]",Y
13781-7069,2,"Tesla, Inc.",10-Day Update,,,FEB-2024,7SAYGDEDXPF, ,N/A,Tesla,Model Y, ,2023, ,1146e6c5ff7a88e,,Y,Consumer,"[REDACTED, MAY CONTAIN CONFIDENTIAL BUSINESS INFORMATION]", ,Y,"[REDACTED, MAY CONTAIN CONFIDENTIAL BUSINESS INFORMATION]",Y,Y,"[REDACTED, MAY CONTAIN CONFIDENTIAL BUSINESS INFORMATION]",Y,Y,,Y, ,,, ,Y,No,,No,"Unknown, see Narrative",, , , , , , ,Y, ,,FEB-2024, ,FEB-2024,,Y,173f6945ad096da,[MAY CONTAIN PERSONALLY IDENTIFIABLE INFORMATION], ,[MAY CONTAIN PERSONALLY IDENTIFIABLE INFORMATION], ,[MAY CONTAIN PERSONALLY IDENTIFIABLE INFORMATION], ,New York, ,NY ,[MAY CONTAIN PERSONALLY IDENTIFIABLE INFORMATION], ,Street,Dry,Unknown,25, ,Dark - Lighted,Y, , , , , , , ,,Non-Motorist: Pedestrian,Unknown,Yes,Unknown,,, , , , , , , , , , , ,"Other, see Narrative",Yes,Unknown,Unknown,33, , , , , , , , , , , ,Y,Y, ,Y, ,Y,Y, , ,Unknown,,Y,Unknown,,Y,,Y,,Y,"[REDACTED, MAY CONTAIN CONFIDENTIAL BUSINESS INFORMATION]",Y,"[REDACTED, MAY CONTAIN CONFIDENTIAL BUSINESS INFORMATION]",Y
13781-7070,1,"Tesla, Inc.",5-Day,,,FEB-2024,7SAYGDEEXPA, ,N/A,Tesla,Model Y, ,2023, ,8eeb26b0ac9ef0a,1377, ,Consumer,"[REDACTED, MAY CONTAIN CONFIDENTIAL BUSINESS INFORMATION]", ,Y,"[REDACTED, MAY CONTAIN CONFIDENTIAL BUSINESS INFORMATION]", ,Y,"[REDACTED, MAY CONTAIN CONFIDENTIAL BUSINESS INFORMATION]", ,Y,,Y, ,,, ,Y,No,,No,ADAS,, , ,Y, , , , , ,,JAN-2024, ,FEB-2024,21:42, ,0eb2166ea114d70,[MAY CONTAIN PERSONALLY IDENTIFIABLE INFORMATION], ,[MAY CONTAIN PERSONALLY IDENTIFIABLE INFORMATION], ,[MAY CONTAIN PERSONALLY IDENTIFIABLE INFORMATION], ,Caledonia, ,WI ,[MAY CONTAIN PERSONALLY IDENTIFIABLE INFORMATION], ,Unknown,Unknown,Unknown,45, ,Unknown, , , , , , ,Y, ,,Unknown,Unknown,Yes,Unknown,Unknown,Unknown, , , , , , , , , , ,Y,Proceeding Straight,Yes,Unknown,Unknown,48, , , , , , , , , , , ,Y,Y, ,Y, , ,Y, , ,Unknown,,Y,Unknown,,Y,,Y,,Y,"[REDACTED, MAY CONTAIN CONFIDENTIAL BUSINESS INFORMATION]",Y,"[REDACTED, MAY CONTAIN CONFIDENTIAL BUSINESS INFORMATION]",Y
13781-7069,1,"Tesla, Inc.",1-Day,,,FEB-2024,7SAYGDEDXPF, ,N/A,Tesla,Model Y, ,2023, ,1146e6c5ff7a88e,,Y,Consumer,"[REDACTED, MAY CONTAIN CONFIDENTIAL BUSINESS INFORMATION]",Y,Y,"[REDACTED, MAY CONTAIN CONFIDENTIAL BUSINESS INFORMATION]",Y,Y,"[REDACTED, MAY CONTAIN CONFIDENTIAL BUSINESS INFORMATION]",Y,Y,,Y, ,,, ,Y,No,,No,"Unknown, see Narrative",, , , , , , ,Y, ,,FEB-2024, ,FEB-2024,,Y,173f6945ad096da,,Y,,Y,[MAY CONTAIN PERSONALLY IDENTIFIABLE INFORMATION], ,New York, ,NY ,[MAY CONTAIN PERSONALLY IDENTIFIABLE INFORMATION], ,Unknown,Unknown,Unknown,,Y,Unknown, , , , , , ,Y, ,,Non-Motorist: Pedestrian,Unknown,Yes,Unknown,,, , , , , , , , , , , ,Unknown,Yes,Unknown,Unknown,,Y, , , , , , , , , , ,Y,Y, ,Y, , , , , ,Unknown,,Y,Unknown,,Y,,Y,,Y,"[REDACTED, MAY CONTAIN CONFIDENTIAL BUSINESS INFORMATION]",Y,"[REDACTED, MAY CONTAIN CONFIDENTIAL BUSINESS INFORMATION]",Y
502-7055,1,Ford Motor Company,5-Day,,,FEB-2024,1FT6W1EV8NW, ,N/A,Ford,F-150, ,2022, ,ec80126483a1497,,Y,Consumer,CO-PILOT360 ACTIVE 2.0, , ,,Y, ,,Y, ,, ,Y,,, ,Y,No,,No,ADAS,, ,Y, , , , , , ,,,Y,JAN-2024,,Y, ,,Y,,Y,,Y,San Diego, ,CA ,,Y,Unknown,Unknown,Unknown,,Y,Unknown, , , , , , ,Y, ,,Unknown,No Injuries Reported,Yes,Unknown,Unknown,Unknown, , , , , , , , , , ,Y,Unknown,No,Yes,Unknown,,Y, , , , , , , , , , ,Y, , , , , , ,Y, ,Unknown,San Diego County, ,Yes,,Y,,Y,,Y,"Unknown, see Narrative", ,"The customer alleged that they were involved in a prior accident and claimed that Adaptive Cruise Control (ACC) and Lane Center Assist (LCA) were engaged at the time of the crash. The customer did not provide specific details regarding the date or location of the incident.  The customer claimed that the accident resulted in vehicle damage and that the vehicle had been towed.  No police report or photos were provided.  There was no allegation of an airbag deployment or any reported injuries. Ford confirmed the vehicle was equipped with ACC and LCA, but has been unable to confirm whether these systems were engaged during the alleged incident.",