Report ID,Report Version,Reporting Entity,Report Type,Report Month,Report Year,Report Submission Date,VIN,VIN - Unknown,Serial Number,Make,Model,Model - Unknown,Model Year,Model Year - Unknown,Same Vehicle ID,Mileage,Mileage - Unknown,Driver / Operator Type,ADAS/ADS System Version,ADAS/ADS System Version - Unk,ADAS/ADS System Version CBI,ADAS/ADS Hardware Version,ADAS/ADS Hardware Version - Unk,ADAS/ADS Hardware Version CBI,ADAS/ADS Software Version,ADAS/ADS Software Version - Unk,ADAS/ADS Software Version CBI,Other Reporting Entities?,Other Reporting Entities? - Unk,Other Reporting Entities? - NA,Federal Regulatory Exemption?,Other Federal Reg. Exemption,Federal Reg. Exemption - Unk,Federal Reg. Exemption - No,State or Local Permit?,State or Local Permit,ADS Equipped?,Automation System Engaged?,Operating Entity,Operating Entity - Unknown,Source - Complaint/Claim,Source - Telematics,Source - Law Enforcement,Source - Field Report,Source - Testing,Source - Media,Source - Other,Source - Other Text,Incident Date,Incident Date - Unknown,Notice Received Date,Incident Time (24:00),Incident Time - Unknown,Same Incident ID,Latitude,Latitude - Unknown,Longitude,Longitude - Unknown,Address,Address - Unknown,City,City - Unknown,State,Zip Code,Zip Code - Unknown,Roadway Type,Roadway Surface,Roadway Description,Posted Speed Limit (MPH),Posted Speed Limit - Unknown,Lighting,Weather - Clear,Weather - Snow,Weather - Cloudy,Weather - Fog/Smoke,Weather - Rain,Weather - Severe Wind,Weather - Unknown,Weather - Other,Weather - Other Text,Crash With,Highest Injury Severity Alleged,Property Damage?,CP Pre-Crash Movement,CP Any Air Bags Deployed?,CP Was Vehicle Towed?,CP Contact Area - Rear Left,CP Contact Area - Left,CP Contact Area - Front Left,CP Contact Area - Rear,CP Contact Area - Top,CP Contact Area - Front,CP Contact Area - Rear Right,CP Contact Area - Right,CP Contact Area - Front Right,CP Contact Area - Bottom,CP Contact Area - Unknown,SV Pre-Crash Movement,SV Any Air Bags Deployed?,SV Was Vehicle Towed?,SV Were All Passengers Belted?,SV Precrash Speed (MPH),SV Pre-crash Speed - Unknown,SV Contact Area - Rear Left,SV Contact Area - Left,SV Contact Area - Front Left,SV Contact Area - Rear,SV Contact Area - Top,SV Contact Area - Front,SV Contact Area - Rear Right,SV Contact Area - Right,SV Contact Area - Front Right,SV Contact Area - Bottom,SV Contact Area - Unknown,Data Availability - EDR,Data Availability - Police Rpt,Data Availability - Telematics,Data Availability - Complaints,Data Availability - Video,Data Availability - Other,Data Availability - No Data,Data Availability - Unknown,Law Enforcement Investigating?,Investigating Agency,Investigating Agency - Unknown,Rep Ent Or Mfr Investigating?,Investigating Officer Name,Inv. Officer Name - Unknown,Investigating Officer Phone,Inv. Officer Phone - Unknown,Investigating Officer Email,Inv. Officer Email - Unknown,Within ODD?,Within ODD? - CBI,Narrative,Narrative - CBI?
13781-7024,1,"Tesla, Inc.",5-Day,,,JAN-2024,5YJSA1E69MF, ,N/A,Tesla,Model S, ,2021, ,2338c3f1d89884a,62663, ,Consumer,"[REDACTED, MAY CONTAIN CONFIDENTIAL BUSINESS INFORMATION]", ,Y,"[REDACTED, MAY CONTAIN CONFIDENTIAL BUSINESS INFORMATION]", ,Y,"[REDACTED, MAY CONTAIN CONFIDENTIAL BUSINESS INFORMATION]", ,Y,,Y, ,,, ,Y,No,,No,ADAS,, , ,Y, , , , , ,,JAN-2024, ,JAN-2024,23:20, ,3b9a7f287f5710c,[MAY CONTAIN PERSONALLY IDENTIFIABLE INFORMATION], ,[MAY CONTAIN PERSONALLY IDENTIFIABLE INFORMATION], ,[MAY CONTAIN PERSONALLY IDENTIFIABLE INFORMATION], ,Summit, ,WA ,[MAY CONTAIN PERSONALLY IDENTIFIABLE INFORMATION], ,Street,Dry,No Unusual Conditions,40, ,Daylight, , ,Y, , , , , ,,Passenger Car,Unknown,Yes,"Other, see Narrative",Yes,Unknown, ,Y,Y, , , , , , , , ,Proceeding Straight,Yes,Unknown,Unknown,30, , , ,Y, , ,Y, , ,Y, , ,Y, ,Y, ,Y,Y, , ,Unknown,,Y,Unknown,,Y,,Y,,Y,"[REDACTED, MAY CONTAIN CONFIDENTIAL BUSINESS INFORMATION]",Y,"[REDACTED, MAY CONTAIN CONFIDENTIAL BUSINESS INFORMATION]",Y
13781-7023,1,"Tesla, Inc.",5-Day,,,JAN-2024,5YJ3E1EA1NF, ,N/A,Tesla,Model 3, ,2022, ,ef08c14bee276ed,52338, ,Consumer,"[REDACTED, MAY CONTAIN CONFIDENTIAL BUSINESS INFORMATION]", ,Y,"[REDACTED, MAY CONTAIN CONFIDENTIAL BUSINESS INFORMATION]", ,Y,"[REDACTED, MAY CONTAIN CONFIDENTIAL BUSINESS INFORMATION]", ,Y,,Y, ,,, ,Y,No,,No,ADAS,, , ,Y, , , , , ,,DEC-2023, ,JAN-2024,07:53, ,d7086c1ebf51a3c,[MAY CONTAIN PERSONALLY IDENTIFIABLE INFORMATION], ,[MAY CONTAIN PERSONALLY IDENTIFIABLE INFORMATION], ,[MAY CONTAIN PERSONALLY IDENTIFIABLE INFORMATION], ,Langhorne, ,PA ,[MAY CONTAIN PERSONALLY IDENTIFIABLE INFORMATION], ,Unknown,Unknown,Unknown,55, ,Unknown, , , , , , ,Y, ,,Unknown,Unknown,Yes,Unknown,Unknown,Unknown, , , , , , , , , , ,Y,Proceeding Straight,Yes,Unknown,Unknown,54, , , , , , , , , , , ,Y,Y, ,Y, , ,Y, , ,Unknown,,Y,Unknown,,Y,,Y,,Y,"[REDACTED, MAY CONTAIN CONFIDENTIAL BUSINESS INFORMATION]",Y,"[REDACTED, MAY CONTAIN CONFIDENTIAL BUSINESS INFORMATION]",Y
753-6807,3,"Kia America, Inc.",Update,,,JAN-2024,KNDCR3LE8P5, ,[MAY CONTAIN PERSONALLY IDENTIFIABLE INFORMATION],KIA,NIRO, ,2023, ,6f573b9c5c78927,32563, ,Consumer,HDA, , ,"Due to multiple components, no version can be provided", , ,"Due to multiple components, no version can be provided", , ,,Y, ,,, ,Y,Unknown,,No,ADAS,, ,Y, , , , , , ,,NOV-2023, ,DEC-2023,06:58, ,c056abb2e4a7249,,Y,,Y,[MAY CONTAIN PERSONALLY IDENTIFIABLE INFORMATION], ,DUPONT, ,WA ,[MAY CONTAIN PERSONALLY IDENTIFIABLE INFORMATION], ,Highway / Freeway,Dry,Traffic Incident,65, ,Daylight,Y, , , , , , , ,,Heavy Truck,Moderate,No,Unknown,No,No, , , , , , , , , , ,Y,"Other, see Narrative",No,Yes,Yes,65, , , , , , , , , , , ,Y, , , ,Y, , , , ,Unknown,,Y,Yes,,Y,,Y,,Y,"Unknown, see Narrative", ,"12/12/2023: The customer contacted Kias Customer Care Center on 12/11/2023 to report his 2023MY Kia Niro was involved in accident following a clutch repair by the dealer.  Specifically, the customer stated that he had left the dealer after a clutch repair and got hit by a semi-truck due to [REDACTED, MAY CONTAIN CONFIDENTIAL BUSINESS INFORMATION] clutch not working, stopped in middle of highway and could not move. Customer stated the dealers faulty repair caused the accident.  In response to the Kia Customer Care agent, the customer reported that Highway Driving Assist (HDA) and Cruise Control engaged at the time of the accident.  Customer requested compensation for the clutch not working and for the rental he had to pay for.  
The subject Kia Niro is equipped with HDA. HDA is a supplemental system that helps maintain a set distance and speed from the vehicle ahead when driving on a highway and helps keep the vehicle between the lanes while driving.  Based on the facts currently available, there is no indication that the HDA system was not working properly.  Kia is submitting this report as a precautionary measure because the customer reported HDA was engaged at the time of the incident and and it appeared to meet the other requirements under the SGO.
12/21/2023: Kia has attempted to contact the customer multiple times for additional information, but has not received a response to date. Kia has located photos of the subject Kia Niro, which suggest the vehicle suffered a minor, offset frontal crash with minimal damage to thin sheet metal and plastic at the right front corner. The apparent damage is potentially inconsistent with the customers account of being hit by a semi-truck, which may be indicated by damage at the rear or pushing panels forward.
In addition, Kias records show that the repair was performed on November 14, 2023 and the incident occurred on November 20, 2023, which appears to contradict the customers statement that the incident occurred shortly after leaving the dealer.
Kia has no further information at this time.
*** 1/16/24: Monthly Update***
Following submission of this incident, ODI engineer, Joseph Teitelman reached out to Kia and requested additional information including photos, invoice/estimate of repair to subject vehicle, police report, EDR report and vehicle telematics relating to the subject incident.  On 1/8/24, Kia uploaded photos and the repair order identified by the customer in their statement. Kia does not have a copy of the police report or any telematics data. Kia further advised that the subject vehicle was sold at auction.  As a result, Kia was unable to gain access to the vehicle to download the EDR.   Kia has no further information at this time.",
753-6768,3,"Kia America, Inc.",Update,,,JAN-2024,5XXG64J27RG, ,[MAY CONTAIN PERSONALLY IDENTIFIABLE INFORMATION],KIA,K5, ,2024, ,4ce7b2fa13cd731,2824, ,Consumer,HDA, , ,"Due to multiple components, no version can be provided", , ,"Due to multiple components, no version can be provided", , ,,Y, ,,, ,Y,No,,No,"Unknown, see Narrative",, ,Y, , , , , , ,,NOV-2023, ,DEC-2023,07:40, ,b8a3a73b39baa16,,Y,,Y,[MAY CONTAIN PERSONALLY IDENTIFIABLE INFORMATION], ,Aurora, ,CO ,[MAY CONTAIN PERSONALLY IDENTIFIABLE INFORMATION], ,Highway / Freeway,Dry,"Other, see Narrative",65, ,Daylight,Y, , , , , , ,Y,Completely dry warm weather,"Other, see Narrative",Moderate,No,"Other, see Narrative",Unknown,Unknown, , , , , , , , , , ,Y,Proceeding Straight,Yes,Yes,Yes,65, , ,Y,Y, , ,Y, , ,Y, , , , , ,Y, , , , ,Unknown,,Y,Yes,,Y,,Y,,Y,"Unknown, see Narrative", ,"The owner (father of the driver) of a 2024MY Kia K5 contacted Kia's Customer Care Center on 12/5/2023 indicating his son was driving the subject vehicle when the traffic slowed down suddenly and was involved in an accident. The father was not a passenger or witness to the accident. The father reported his son was traveling approximately 60-65mph when a ""Ford Explorer may have cut him off, [REDACTED, MAY CONTAIN CONFIDENTIAL BUSINESS INFORMATION] he had no time to brake, and hit the [REDACTED, MAY CONTAIN CONFIDENTIAL BUSINESS INFORMATION]"". The ""car did [REDACTED, MAY CONTAIN CONFIDENTIAL BUSINESS INFORMATION] alert or brake"" prior to impact. The father indicated his son did not remember if he had hit the brakes.
The subject Kia K5 is equipped with Highway Driving Assist (HDA), Lane Following Assist (LFA) and Smart Cruise Control (SCC). HDA is a supplemental system that helps maintain a set distance and speed from the vehicle ahead when driving on a highway and helps keep the vehicle between lanes while driving. HDA may not be able to recognize all traffic situations and may not detect possible collisions due to limitations of the system. LFA is also a supplemental system that helps to detect lane markings and/or vehicles on the road, and assists the driver's steering to help keep the vehicle between lanes. LFA does not operate at all times and it is the responsibility of the driver to safely steer the vehicle and to maintain the vehicle in its lane.
The father reported that HDA and LFA were engaged but SCC was not. It is unclear whether HDA was in fact engaged since the father reported SCC was not. Kia is currently working with the father to retrieve the vehicle's ACU but has no further information at this time.
***10-Day Update***
After Kia's 1-Day report was submitted, the customer provided Kia with photos of the vehicle. Kia has no further update at this time.
***1/16/2024: Monthly Update***
On 12/18/2023, ODI engineer Joseph Teitelman requested some additional information regarding the vehicle.  Kia responded on the same day.  The ACU for the subject vehicle was shipped to Kia America on 1/11/2024 and is currently in transit. Once received, Kia will download the EDR and provide to Joe Teitelman per his request via the provided SLFTS link.",
753-6931,2,"Kia America, Inc.",10-Day Update,,,JAN-2024,5XYP54GC4PG, ,[MAY CONTAIN PERSONALLY IDENTIFIABLE INFORMATION],KIA,TELLURIDE, ,2023, ,3e6a411d67ace4e,7500, ,Consumer,HDA, , ,"Due to multiple components, no version can be provided", , ,"Due to multiple components, no version can be provided", , ,,Y, ,,, ,Y,No,,No,ADAS,, ,Y, , , , , , ,,DEC-2023, ,JAN-2024,20:00, ,d2b91431230e17e,[MAY CONTAIN PERSONALLY IDENTIFIABLE INFORMATION], ,[MAY CONTAIN PERSONALLY IDENTIFIABLE INFORMATION], ,[MAY CONTAIN PERSONALLY IDENTIFIABLE INFORMATION], ,LAKE CITY, ,FL ,[MAY CONTAIN PERSONALLY IDENTIFIABLE INFORMATION], ,Highway / Freeway,Dry,Unknown,70, ,Unknown, , , , , , ,Y, ,,"Other, see Narrative",Minor,No,"Other, see Narrative",Not Applicable,Not Applicable, , , , , , , , , , ,Y,Proceeding Straight,Yes,Yes,Yes,77, ,Y, ,Y,Y,Y,Y,Y,Y,Y, , , , , ,Y, ,Y, , ,Unknown,,Y,Yes,,Y,,Y,,Y,"Unknown, see Narrative", ,"Customer contacted Kias Customer Care Center on January 4, 2024 to provide details regarding an incident that had occurred on December [XXX], 2023 involving his 2023MY Kia Telluride. Customer reported that while driving, along with 3 passengers, on [XXX] in the State of Georgia, there was a bend in the road and the vehicle did not make the turn in time and the vehicle ran into wet grass.  The customer stated he was unable to recover control of the vehicle once it made contact with the wet grass. Customer reported that the vehicle hit berms, trees, signs and also began to roll until the vehicle settled to a stop. The customer reported he was driving 77mph in a 70mph zone. The customer indicated that Highway Driving Assist and Smart Cruise Control features were engaged 30 seconds before the incident.  The airbags deployed and reported minor injuries of cuts, scratches, wounds, bumps and bruises.  The customer alleged that the lane departure system did not work properly and wanted a new vehicle or compensation in order to purchase another vehicle. Kia notes that based on available information, the incident occurred in Florida.
The subject Kia Telluride is equipped with Highway Driving Assist (HDA), Lane Following Assist (LFA) and Smart Cruise Control (SCC).  HDA is a supplemental system that helps maintain a set distance and speed from the vehicle ahead when driving on a highway and helps keep the vehicle between lanes while driving. HDA may not be able to recognize all trac situations and may not detect possible collisions due to limitations of the system. LFA is also a supplemental system that helps to detect lane markings and/or vehicles on the road, and assists the drivers steering to help keep the vehicle between lanes. LFA does not operate at all times and it is the responsibility of the driver to safely steer the vehicle and to maintain the vehicle in its lane.  
Based on the available information, the customer appears to have a misunderstanding of the capabilities of the vehicles Lane Following Assist function and appears to have relied on LFA to steer the vehicle.
***1/16/24: Monthly Update***
Kia is working with ODI engineer, Joe Teitelman to schedule a joint inspection of the subject vehicle in Jacksonville, Florida.  The owner has consented to the EDR being downloaded which will be done when the vehicle is inspected. At the time of this update, the current proposed date for inspection is set for 1/31/24 .  Kia has no further information at this time.",
29990-7002,1,"Rivian Automotive, LLC",1-Day,,,JAN-2024,7PDSGABL2PN, ,N/A,Rivian,R1S, ,2023, ,7a54c8a35b12901,,Y,Consumer,,Y, ,,Y, ,,Y, ,, ,Y,,, ,Y,No,,No,ADAS,, ,Y, , , , , , ,,JAN-2024, ,JAN-2024,10:35, ,1549a2b0df99682,,Y,,Y,[MAY CONTAIN PERSONALLY IDENTIFIABLE INFORMATION], ,Escondido, ,CA ,[MAY CONTAIN PERSONALLY IDENTIFIABLE INFORMATION], ,Highway / Freeway,Dry,No Unusual Conditions,,Y,Daylight,Y, , , , , , , ,,Other Fixed Object,Minor,Yes,,,, , , , , , , , , , , ,Proceeding Straight,Yes,Yes,Unknown,77, , , , , , , ,Y,Y,Y, , , , , ,Y, , , , ,Unknown,,Y,Yes,,Y,,Y,,Y,"No, see Narrative", ,"Alleged information here directly from customer report, not yet confirmed by Rivian: ""As I entered a curve in the road (curving right), the car jerked towards the right-hand k-rail and a red notice popped up that said that the highway assist feature was now off. I wasn't sure if the cruise control was still on so I returned my foot to the accelerator and tried to get back into the right lane (so as not to hit the k-rail). I think I probably over corrected a bit and veered slightly into the left-hand lane but then I felt the car try to fully jerk us into that left lane. At that point, I lost control of the car as the back started fishtailing."" The driver also noted that ""I am a petite person, with minimal upper body strength, so I had a really hard time trying to control the heft of the vehicle as it was trying to veer into different lanes"". According to the customer report the driver was taken to the hospital and diagnosed with a strained left shoulder and the other 2 occupants, both adults, were not injured.",
13781-6978,1,"Tesla, Inc.",5-Day,,,JAN-2024,5YJ3E1EA4PF, ,N/A,Tesla,Model 3, ,2023, ,6e9bdb8f32a7712,5792, ,Consumer,"[REDACTED, MAY CONTAIN CONFIDENTIAL BUSINESS INFORMATION]", ,Y,"[REDACTED, MAY CONTAIN CONFIDENTIAL BUSINESS INFORMATION]", ,Y,"[REDACTED, MAY CONTAIN CONFIDENTIAL BUSINESS INFORMATION]", ,Y,,Y, ,,, ,Y,No,,No,ADAS,, , ,Y, , , , , ,,JAN-2024, ,JAN-2024,04:06, ,e430464f01f529b,[MAY CONTAIN PERSONALLY IDENTIFIABLE INFORMATION], ,[MAY CONTAIN PERSONALLY IDENTIFIABLE INFORMATION], ,[MAY CONTAIN PERSONALLY IDENTIFIABLE INFORMATION], ,Norman, ,OK ,[MAY CONTAIN PERSONALLY IDENTIFIABLE INFORMATION], ,Street,Dry,No Unusual Conditions,40, ,Dark - Lighted,Y, , , , , , , ,,Passenger Car,Unknown,Yes,Lane / Road Departure,Yes,Unknown,Y,Y, , , , , , , , , ,Proceeding Straight,Yes,Unknown,Unknown,33, , , ,Y, , ,Y, , ,Y, , ,Y, ,Y, ,Y,Y, , ,Unknown,,Y,Unknown,,Y,,Y,,Y,"[REDACTED, MAY CONTAIN CONFIDENTIAL BUSINESS INFORMATION]",Y,"[REDACTED, MAY CONTAIN CONFIDENTIAL BUSINESS INFORMATION]",Y
13781-6977,1,"Tesla, Inc.",5-Day,,,JAN-2024,5YJ3E1EA3PF, ,N/A,Tesla,Model 3, ,2023, ,d0fad273d089942,,Y,Consumer,"[REDACTED, MAY CONTAIN CONFIDENTIAL BUSINESS INFORMATION]", ,Y,"[REDACTED, MAY CONTAIN CONFIDENTIAL BUSINESS INFORMATION]", ,Y,"[REDACTED, MAY CONTAIN CONFIDENTIAL BUSINESS INFORMATION]",Y,Y,,Y, ,,, ,Y,No,,No,ADAS,, ,Y, , , , , , ,,DEC-2023, ,JAN-2024,,Y,49721ad509f8b62,[MAY CONTAIN PERSONALLY IDENTIFIABLE INFORMATION], ,[MAY CONTAIN PERSONALLY IDENTIFIABLE INFORMATION], ,[MAY CONTAIN PERSONALLY IDENTIFIABLE INFORMATION], ,Del Valle, ,TX ,[MAY CONTAIN PERSONALLY IDENTIFIABLE INFORMATION], ,Highway / Freeway,Dry,No Unusual Conditions,55, ,Dark - Lighted,Y, , , , , , , ,,SUV,Unknown,Yes,Making U-Turn,Unknown,Unknown, ,Y,Y, , ,Y, , , , , ,Proceeding Straight,Yes,Unknown,Unknown,35, , , ,Y, , ,Y, , ,Y, , ,Y, ,Y, ,Y,Y, , ,Unknown,,Y,Unknown,,Y,,Y,,Y,"[REDACTED, MAY CONTAIN CONFIDENTIAL BUSINESS INFORMATION]",Y,"[REDACTED, MAY CONTAIN CONFIDENTIAL BUSINESS INFORMATION]",Y
540-6944,1,"General Motors, LLC",5-Day,,,JAN-2024,1G6DP5RK8S0, ,N/A,Cadillac,CT5, ,2025, ,e7db8e204e500f9,1573, ,In-Vehicle (Commercial / Test),Level 2, , ,,Y, ,,Y, ,, ,Y,,, ,Y,No,,No,ADAS,General Motors, , ,Y, , , , ,Y,Interview,JAN-2024, ,JAN-2024,07:50, ,8f2e181d0c5c738,[MAY CONTAIN PERSONALLY IDENTIFIABLE INFORMATION], ,[MAY CONTAIN PERSONALLY IDENTIFIABLE INFORMATION], ,[MAY CONTAIN PERSONALLY IDENTIFIABLE INFORMATION], ,St Clair Shores, ,MI ,[MAY CONTAIN PERSONALLY IDENTIFIABLE INFORMATION], ,Highway / Freeway,Dry,No Unusual Conditions,70, ,Dawn / Dusk, , ,Y, , , , , ,,SUV,No Injuries Reported,Yes,Proceeding Straight,Unknown,Unknown, , , , , , , , ,Y, , ,Changing Lanes,No,Yes,Yes,50, ,Y, , , , , , , , , , , , ,Y, , ,Y, , ,Yes,Roseville Police & Michigan State Police, ,No,,Y,,Y,,Y,Yes, ,"At 7:50 AM (EST) on January [XXX], 2024, a Cadillac CT5 was travelling in the center lane on [XXX], [XXX] with Super Cruise engaged.  The driver made a right hand lane change.  The driver noticed the vehicle ahead was slowing rapidly and made a left hand lane change.  The left rear door area of the subject vehicle struck a vehicle already travelling in that lane.  Super Cruise was active 6.8 seconds prior to the crash.  Super Cruise entered an ""off"" state at 1.4 seconds prior to the crash.  A subject vehicle speed of 50 mph was recorded at the time of impact.",
10039-6833,3,"BMW of North America, LLC",Update,,,JAN-2024,WB523CF03PC, ,N/A,BMW,iX xDrive50, ,2023, ,29c2d5bc98ea995,,Y,Consumer,"[REDACTED, MAY CONTAIN CONFIDENTIAL BUSINESS INFORMATION]",Y,Y,"[REDACTED, MAY CONTAIN CONFIDENTIAL BUSINESS INFORMATION]",Y,Y,"[REDACTED, MAY CONTAIN CONFIDENTIAL BUSINESS INFORMATION]",Y,Y,,Y, ,,, ,Y,No,,No,"Unknown, see Narrative",, ,Y, , , , , , ,,DEC-2023, ,DEC-2023,06:00, ,dd9ce4e15764e8f,,Y,,Y,,Y,Bel Air, ,MD ,[MAY CONTAIN PERSONALLY IDENTIFIABLE INFORMATION], ,Highway / Freeway,Unknown,Unknown,,Y,"Other, see Narrative", , , ,Y, , , , ,,Other Fixed Object,No Injuries Reported,Yes,,,, , , , , , , , , , , ,Unknown,Unknown,Yes,Unknown,,Y,Y,Y,Y, , ,Y, , ,Y, , , , , , , , , ,Y,Unknown,,Y,Yes,,Y,,Y,,Y,"[REDACTED, MAY CONTAIN CONFIDENTIAL BUSINESS INFORMATION]",Y,"[REDACTED, MAY CONTAIN CONFIDENTIAL BUSINESS INFORMATION]",Y
10039-6771,3,"BMW of North America, LLC",Update,,,JAN-2024,5UXTA6C05M9, ,N/A,BMW,X5 xDrive45e, ,2021, ,d10aeeac381d8fc,55507, ,Consumer,,Y, ,,Y, ,,Y, ,,Y, ,,, ,Y,No,,No,ADAS,, ,Y, , , , , , ,,DEC-2023, ,DEC-2023,,Y,0fab32ab3e6ced6,,Y,,Y,[MAY CONTAIN PERSONALLY IDENTIFIABLE INFORMATION], ,Paramus, ,NJ ,[MAY CONTAIN PERSONALLY IDENTIFIABLE INFORMATION], ,Highway / Freeway,Wet,No Unusual Conditions,,Y,Dawn / Dusk, , , , ,Y, , , ,,Other Fixed Object,Minor,Unknown,,,, , , , , , , , , , , ,Proceeding Straight,Yes,Yes,Unknown,72, ,Y,Y,Y,Y, ,Y, , ,Y, , ,Y, , , ,Y, , , ,Unknown,,Y,Yes,,Y,,Y,,Y,"[REDACTED, MAY CONTAIN CONFIDENTIAL BUSINESS INFORMATION]",Y,"[REDACTED, MAY CONTAIN CONFIDENTIAL BUSINESS INFORMATION]",Y
13781-6940,1,"Tesla, Inc.",5-Day,,,JAN-2024,7SAYGDEE4PF, ,N/A,Tesla,Model Y, ,2023, ,aef2a0a765f4636,13106, ,Consumer,"[REDACTED, MAY CONTAIN CONFIDENTIAL BUSINESS INFORMATION]", ,Y,"[REDACTED, MAY CONTAIN CONFIDENTIAL BUSINESS INFORMATION]", ,Y,"[REDACTED, MAY CONTAIN CONFIDENTIAL BUSINESS INFORMATION]", ,Y,,Y, ,,, ,Y,No,,No,ADAS,, , ,Y, , , , , ,,JAN-2024, ,JAN-2024,00:11, ,8beb8341bbfe1e8,[MAY CONTAIN PERSONALLY IDENTIFIABLE INFORMATION], ,[MAY CONTAIN PERSONALLY IDENTIFIABLE INFORMATION], ,[MAY CONTAIN PERSONALLY IDENTIFIABLE INFORMATION], ,Phoenix, ,AZ ,[MAY CONTAIN PERSONALLY IDENTIFIABLE INFORMATION], ,Highway / Freeway,Dry,No Unusual Conditions,55, ,Daylight, , ,Y, , , , , ,,Other Fixed Object,Unknown,Yes,,,, , , , , , , , , , , ,Proceeding Straight,Yes,Unknown,Unknown,65, ,Y,Y,Y, , , , , , , , ,Y, ,Y, ,Y,Y, , ,Unknown,,Y,Unknown,,Y,,Y,,Y,"[REDACTED, MAY CONTAIN CONFIDENTIAL BUSINESS INFORMATION]",Y,"[REDACTED, MAY CONTAIN CONFIDENTIAL BUSINESS INFORMATION]",Y