Report ID,Report Version,Reporting Entity,Report Type,Report Month,Report Year,Report Submission Date,VIN,VIN - Unknown,Serial Number,Make,Model,Model - Unknown,Model Year,Model Year - Unknown,Same Vehicle ID,Mileage,Mileage - Unknown,Driver / Operator Type,ADAS/ADS System Version,ADAS/ADS System Version - Unk,ADAS/ADS System Version CBI,ADAS/ADS Hardware Version,ADAS/ADS Hardware Version - Unk,ADAS/ADS Hardware Version CBI,ADAS/ADS Software Version,ADAS/ADS Software Version - Unk,ADAS/ADS Software Version CBI,Other Reporting Entities?,Other Reporting Entities? - Unk,Other Reporting Entities? - NA,Federal Regulatory Exemption?,Other Federal Reg. Exemption,Federal Reg. Exemption - Unk,Federal Reg. Exemption - No,State or Local Permit?,State or Local Permit,ADS Equipped?,Automation System Engaged?,Operating Entity,Operating Entity - Unknown,Source - Complaint/Claim,Source - Telematics,Source - Law Enforcement,Source - Field Report,Source - Testing,Source - Media,Source - Other,Source - Other Text,Incident Date,Incident Date - Unknown,Notice Received Date,Incident Time (24:00),Incident Time - Unknown,Same Incident ID,Latitude,Latitude - Unknown,Longitude,Longitude - Unknown,Address,Address - Unknown,City,City - Unknown,State,Zip Code,Zip Code - Unknown,Roadway Type,Roadway Surface,Roadway Description,Posted Speed Limit (MPH),Posted Speed Limit - Unknown,Lighting,Weather - Clear,Weather - Snow,Weather - Cloudy,Weather - Fog/Smoke,Weather - Rain,Weather - Severe Wind,Weather - Unknown,Weather - Other,Weather - Other Text,Crash With,Highest Injury Severity Alleged,Property Damage?,CP Pre-Crash Movement,CP Any Air Bags Deployed?,CP Was Vehicle Towed?,CP Contact Area - Rear Left,CP Contact Area - Left,CP Contact Area - Front Left,CP Contact Area - Rear,CP Contact Area - Top,CP Contact Area - Front,CP Contact Area - Rear Right,CP Contact Area - Right,CP Contact Area - Front Right,CP Contact Area - Bottom,CP Contact Area - Unknown,SV Pre-Crash Movement,SV Any Air Bags Deployed?,SV Was Vehicle Towed?,SV Were All Passengers Belted?,SV Precrash Speed (MPH),SV Pre-crash Speed - Unknown,SV Contact Area - Rear Left,SV Contact Area - Left,SV Contact Area - Front Left,SV Contact Area - Rear,SV Contact Area - Top,SV Contact Area - Front,SV Contact Area - Rear Right,SV Contact Area - Right,SV Contact Area - Front Right,SV Contact Area - Bottom,SV Contact Area - Unknown,Data Availability - EDR,Data Availability - Police Rpt,Data Availability - Telematics,Data Availability - Complaints,Data Availability - Video,Data Availability - Other,Data Availability - No Data,Data Availability - Unknown,Law Enforcement Investigating?,Investigating Agency,Investigating Agency - Unknown,Rep Ent Or Mfr Investigating?,Investigating Officer Name,Inv. Officer Name - Unknown,Investigating Officer Phone,Inv. Officer Phone - Unknown,Investigating Officer Email,Inv. Officer Email - Unknown,Within ODD?,Within ODD? - CBI,Narrative,Narrative - CBI?
13781-6902,1,"Tesla, Inc.",5-Day,,,DEC-2023,5YJYGDEF5MF, ,N/A,Tesla,Model Y, ,2021, ,b7f0b4b5365a0bd,,Y,Consumer,"[REDACTED, MAY CONTAIN CONFIDENTIAL BUSINESS INFORMATION]", ,Y,"[REDACTED, MAY CONTAIN CONFIDENTIAL BUSINESS INFORMATION]", ,Y,"[REDACTED, MAY CONTAIN CONFIDENTIAL BUSINESS INFORMATION]", ,Y,,Y, ,,, ,Y,No,,No,ADAS,, ,Y, , , , , , ,,NOV-2023, ,DEC-2023,,Y,08d42370d97a6e2,[MAY CONTAIN PERSONALLY IDENTIFIABLE INFORMATION], ,[MAY CONTAIN PERSONALLY IDENTIFIABLE INFORMATION], ,[MAY CONTAIN PERSONALLY IDENTIFIABLE INFORMATION], ,Anaheim, ,CA ,[MAY CONTAIN PERSONALLY IDENTIFIABLE INFORMATION], ,Highway / Freeway,Dry,No Unusual Conditions,65, ,Daylight, , , , , , , ,Y,Partly Cloudy,Passenger Car,Unknown,Yes,Proceeding Straight,Unknown,Unknown, , , ,Y, , ,Y,Y, , , ,"Other, see Narrative",Yes,Unknown,Unknown,55, , , , , , , , ,Y,Y, , ,Y, ,Y,Y,Y,Y, , ,Unknown,,Y,Unknown,,Y,,Y,,Y,"[REDACTED, MAY CONTAIN CONFIDENTIAL BUSINESS INFORMATION]",Y,"[REDACTED, MAY CONTAIN CONFIDENTIAL BUSINESS INFORMATION]",Y
10039-6833,2,"BMW of North America, LLC",10-Day Update,,,DEC-2023,WB523CF03PC, ,N/A,BMW,iX xDrive50, ,2023, ,29c2d5bc98ea995,,Y,Consumer,"[REDACTED, MAY CONTAIN CONFIDENTIAL BUSINESS INFORMATION]",Y,Y,"[REDACTED, MAY CONTAIN CONFIDENTIAL BUSINESS INFORMATION]",Y,Y,"[REDACTED, MAY CONTAIN CONFIDENTIAL BUSINESS INFORMATION]",Y,Y,,Y, ,,, ,Y,No,,No,"Unknown, see Narrative",, ,Y, , , , , , ,,DEC-2023, ,DEC-2023,06:00, ,367668e17228a92,,Y,,Y,,Y,,Y,UNK,,Y,Highway / Freeway,Unknown,Unknown,,Y,"Other, see Narrative", , , ,Y, , , , ,,Other Fixed Object,No Injuries Reported,Yes,,,, , , , , , , , , , , ,Unknown,Unknown,Yes,Unknown,,Y, , , , , , , , , , ,Y, , , , , , , ,Y,Unknown,,Y,Yes,,Y,,Y,,Y,"[REDACTED, MAY CONTAIN CONFIDENTIAL BUSINESS INFORMATION]",Y,"[REDACTED, MAY CONTAIN CONFIDENTIAL BUSINESS INFORMATION]",Y
753-6807,2,"Kia America, Inc.",10-Day Update,,,DEC-2023,KNDCR3LE8P5, ,[MAY CONTAIN PERSONALLY IDENTIFIABLE INFORMATION],KIA,NIRO, ,2023, ,6f573b9c5c78927,32563, ,Consumer,,Y, ,,Y, ,,Y, ,,Y, ,,, ,Y,Unknown,,No,ADAS,, ,Y, , , , , , ,,NOV-2023, ,DEC-2023,06:58, ,c056abb2e4a7249,,Y,,Y,[MAY CONTAIN PERSONALLY IDENTIFIABLE INFORMATION], ,DUPONT, ,WA ,[MAY CONTAIN PERSONALLY IDENTIFIABLE INFORMATION], ,Highway / Freeway,Dry,Traffic Incident,65, ,Daylight,Y, , , , , , , ,,Heavy Truck,Moderate,No,Unknown,No,No, , , , , , , , , , ,Y,"Other, see Narrative",No,Yes,Yes,65, , , , , , , , , , , ,Y, , , ,Y, , , , ,Unknown,,Y,Yes,,Y,,Y,,Y,"Unknown, see Narrative", ,"12/12/2023: The customer contacted Kias Customer Care Center on 12/11/2023 to report his 2023MY Kia Niro was involved in accident following a clutch repair by the dealer.  Specifically, the customer stated that he had left the dealer after a clutch repair and got hit by a semi-truck due to [REDACTED, MAY CONTAIN CONFIDENTIAL BUSINESS INFORMATION] clutch not working, stopped in middle of highway and could not move. Customer stated the dealers faulty repair caused the accident.  In response to the Kia Customer Care agent, the customer reported that Highway Driving Assist (HDA) and Cruise Control engaged at the time of the accident.  Customer requested compensation for the clutch not working and for the rental he had to pay for.  
The subject Kia Niro is equipped with HDA. HDA is a supplemental system that helps maintain a set distance and speed from the vehicle ahead when driving on a highway and helps keep the vehicle between the lanes while driving.  Based on the facts currently available, there is no indication that the HDA system was not working properly.  Kia is submitting this report as a precautionary measure because the customer reported HDA was engaged at the time of the incident and and it appeared to meet the other requirements under the SGO.
12/21/2023: Kia has attempted to contact the customer multiple times for additional information, but has not received a response to date. Kia has located photos of the subject Kia Niro, which suggest the vehicle suffered a minor, offset frontal crash with minimal damage to thin sheet metal and plastic at the right front corner. The apparent damage is potentially inconsistent with the customers account of being hit by a semi-truck, which may be indicated by damage at the rear or pushing panels forward.
In addition, Kias records show that the repair was performed on November 14, 2023 and the incident occurred on November 20, 2023, which appears to contradict the customers statement that the incident occurred shortly after leaving the dealer.
Kia has no further information at this time.",
13781-6897,1,"Tesla, Inc.",5-Day,,,DEC-2023,5YJ3E1EA1KF, ,N/A,Tesla,Model 3, ,2019, ,33a46b54c75fc50,60580, ,Consumer,"[REDACTED, MAY CONTAIN CONFIDENTIAL BUSINESS INFORMATION]", ,Y,"[REDACTED, MAY CONTAIN CONFIDENTIAL BUSINESS INFORMATION]", ,Y,"[REDACTED, MAY CONTAIN CONFIDENTIAL BUSINESS INFORMATION]", ,Y,,Y, ,,, ,Y,No,,No,ADAS,, , ,Y, , , , , ,,DEC-2023, ,DEC-2023,23:22, ,11ae5a1331e95b6,[MAY CONTAIN PERSONALLY IDENTIFIABLE INFORMATION], ,[MAY CONTAIN PERSONALLY IDENTIFIABLE INFORMATION], ,[MAY CONTAIN PERSONALLY IDENTIFIABLE INFORMATION], ,Miles City, ,FL ,,Y,Highway / Freeway,Wet,No Unusual Conditions,70, ,Dark - Not Lighted, , ,Y, ,Y, , , ,,Other Fixed Object,Unknown,Yes,,,, , , , , , , , , , , ,Proceeding Straight,Yes,Unknown,Unknown,,Y,Y,Y,Y, , , , , , , , ,Y, ,Y, ,Y,Y, , ,Unknown,,Y,Unknown,,Y,,Y,,Y,"[REDACTED, MAY CONTAIN CONFIDENTIAL BUSINESS INFORMATION]",Y,"[REDACTED, MAY CONTAIN CONFIDENTIAL BUSINESS INFORMATION]",Y
13781-6896,1,"Tesla, Inc.",5-Day,,,DEC-2023,5YJ3E1EA7LF, ,N/A,Tesla,Model 3, ,2020, ,d297182b565693a,35345, ,Consumer,"[REDACTED, MAY CONTAIN CONFIDENTIAL BUSINESS INFORMATION]", ,Y,"[REDACTED, MAY CONTAIN CONFIDENTIAL BUSINESS INFORMATION]", ,Y,"[REDACTED, MAY CONTAIN CONFIDENTIAL BUSINESS INFORMATION]", ,Y,,Y, ,,, ,Y,No,,No,ADAS,, , ,Y, , , , , ,,DEC-2023, ,DEC-2023,16:03, ,bab3309c9707426,[MAY CONTAIN PERSONALLY IDENTIFIABLE INFORMATION], ,[MAY CONTAIN PERSONALLY IDENTIFIABLE INFORMATION], ,[MAY CONTAIN PERSONALLY IDENTIFIABLE INFORMATION], ,Long Beach, ,CA ,[MAY CONTAIN PERSONALLY IDENTIFIABLE INFORMATION], ,Highway / Freeway,Dry,No Unusual Conditions,65, ,Daylight,Y, , , , , , , ,,Passenger Car,Unknown,Yes,Proceeding Straight,Unknown,Unknown, , ,Y, , ,Y, , ,Y, , ,"Other, see Narrative",No,Yes,Unknown,15, ,Y, , ,Y, , ,Y, , , , ,Y, ,Y, ,Y,Y, , ,Unknown,,Y,Unknown,,Y,,Y,,Y,"[REDACTED, MAY CONTAIN CONFIDENTIAL BUSINESS INFORMATION]",Y,"[REDACTED, MAY CONTAIN CONFIDENTIAL BUSINESS INFORMATION]",Y
13781-6895,1,"Tesla, Inc.",5-Day,,,DEC-2023,5YJ3E1EA1JF, ,N/A,Tesla,Model 3, ,2018, ,0ca3fd1c632c331,81613, ,Consumer,"[REDACTED, MAY CONTAIN CONFIDENTIAL BUSINESS INFORMATION]", ,Y,"[REDACTED, MAY CONTAIN CONFIDENTIAL BUSINESS INFORMATION]", ,Y,"[REDACTED, MAY CONTAIN CONFIDENTIAL BUSINESS INFORMATION]", ,Y,,Y, ,,, ,Y,No,,No,ADAS,, , ,Y, , , , , ,,DEC-2023, ,DEC-2023,03:34, ,9e8652bc94813e3,[MAY CONTAIN PERSONALLY IDENTIFIABLE INFORMATION], ,[MAY CONTAIN PERSONALLY IDENTIFIABLE INFORMATION], ,[MAY CONTAIN PERSONALLY IDENTIFIABLE INFORMATION], ,Campbell, ,TX ,[MAY CONTAIN PERSONALLY IDENTIFIABLE INFORMATION], ,Highway / Freeway,Dry,No Unusual Conditions,75, ,Dark - Not Lighted,Y, , , , , , , ,,Pickup Truck,Unknown,Yes,Traveling Wrong Way,Unknown,Unknown, , , , , ,Y, ,Y,Y, , ,Proceeding Straight,Yes,Unknown,Unknown,71, , , , , , ,Y, ,Y,Y, , ,Y, ,Y, ,Y,Y, , ,Unknown,,Y,Unknown,,Y,,Y,,Y,"[REDACTED, MAY CONTAIN CONFIDENTIAL BUSINESS INFORMATION]",Y,"[REDACTED, MAY CONTAIN CONFIDENTIAL BUSINESS INFORMATION]",Y
13781-6894,1,"Tesla, Inc.",5-Day,,,DEC-2023,7SAYGDEE0PF, ,N/A,Tesla,Model Y, ,2023, ,37b972e1ee5cf5c,8528, ,Consumer,"[REDACTED, MAY CONTAIN CONFIDENTIAL BUSINESS INFORMATION]", ,Y,"[REDACTED, MAY CONTAIN CONFIDENTIAL BUSINESS INFORMATION]", ,Y,"[REDACTED, MAY CONTAIN CONFIDENTIAL BUSINESS INFORMATION]", ,Y,,Y, ,,, ,Y,No,,No,ADAS,, , ,Y, , , , , ,,DEC-2023, ,DEC-2023,00:44, ,d06741c4ad24c60,[MAY CONTAIN PERSONALLY IDENTIFIABLE INFORMATION], ,[MAY CONTAIN PERSONALLY IDENTIFIABLE INFORMATION], ,[MAY CONTAIN PERSONALLY IDENTIFIABLE INFORMATION], ,Alamo, ,CA ,[MAY CONTAIN PERSONALLY IDENTIFIABLE INFORMATION], ,Highway / Freeway,Dry,No Unusual Conditions,65, ,Daylight,Y, , , , , , , ,,Van,Unknown,Yes,Proceeding Straight,Unknown,Unknown, , ,Y, , ,Y, , ,Y, , ,Proceeding Straight,No,Yes,Unknown,21, ,Y, , ,Y, , ,Y, , , , ,Y, ,Y, ,Y,Y, , ,Unknown,,Y,Unknown,,Y,,Y,,Y,"[REDACTED, MAY CONTAIN CONFIDENTIAL BUSINESS INFORMATION]",Y,"[REDACTED, MAY CONTAIN CONFIDENTIAL BUSINESS INFORMATION]",Y
13781-6893,1,"Tesla, Inc.",5-Day,,,DEC-2023,7SAYGDEF0NF, ,N/A,Tesla,Model Y, ,2022, ,874c1af556a503d,24414, ,Consumer,"[REDACTED, MAY CONTAIN CONFIDENTIAL BUSINESS INFORMATION]", ,Y,"[REDACTED, MAY CONTAIN CONFIDENTIAL BUSINESS INFORMATION]", ,Y,"[REDACTED, MAY CONTAIN CONFIDENTIAL BUSINESS INFORMATION]", ,Y,,Y, ,,, ,Y,No,,No,ADAS,, , ,Y, , , , , ,,DEC-2023, ,DEC-2023,21:38, ,3c9fdd4bf391351,[MAY CONTAIN PERSONALLY IDENTIFIABLE INFORMATION], ,[MAY CONTAIN PERSONALLY IDENTIFIABLE INFORMATION], ,[MAY CONTAIN PERSONALLY IDENTIFIABLE INFORMATION], ,Spicewood, ,TX ,[MAY CONTAIN PERSONALLY IDENTIFIABLE INFORMATION], ,Highway / Freeway,Dry,No Unusual Conditions,55, ,Daylight, , , , , , , ,Y,Partly Cloudy,Pickup Truck,Unknown,Yes,Making Left Turn,Unknown,Unknown,Y,Y, ,Y, , , , , , , ,Proceeding Straight,Yes,Unknown,Unknown,65, , , ,Y, , ,Y, , ,Y, , ,Y, ,Y, ,Y,Y, , ,Unknown,,Y,Unknown,,Y,,Y,,Y,"[REDACTED, MAY CONTAIN CONFIDENTIAL BUSINESS INFORMATION]",Y,"[REDACTED, MAY CONTAIN CONFIDENTIAL BUSINESS INFORMATION]",Y
13781-6892,1,"Tesla, Inc.",5-Day,,,DEC-2023,7SAYGDEE7NA, ,N/A,Tesla,Model Y, ,2022, ,446696179023f7a,76676, ,Consumer,"[REDACTED, MAY CONTAIN CONFIDENTIAL BUSINESS INFORMATION]", ,Y,"[REDACTED, MAY CONTAIN CONFIDENTIAL BUSINESS INFORMATION]", ,Y,"[REDACTED, MAY CONTAIN CONFIDENTIAL BUSINESS INFORMATION]", ,Y,,Y, ,,, ,Y,No,,No,ADAS,, , ,Y, , , , , ,,DEC-2023, ,DEC-2023,09:38, ,d3d08e0a9d73e7c,[MAY CONTAIN PERSONALLY IDENTIFIABLE INFORMATION], ,[MAY CONTAIN PERSONALLY IDENTIFIABLE INFORMATION], ,[MAY CONTAIN PERSONALLY IDENTIFIABLE INFORMATION], ,New Haven, ,CT ,[MAY CONTAIN PERSONALLY IDENTIFIABLE INFORMATION], ,Highway / Freeway,Dry,Work Zone,55, ,Dark - Not Lighted,Y, , , , , , , ,,Other Fixed Object,Unknown,Yes,,,, , , , , , , , , , , ,Proceeding Straight,Yes,Unknown,Unknown,44, ,Y,Y,Y, , ,Y, , , , , ,Y, ,Y, ,Y,Y, , ,Unknown,,Y,Unknown,,Y,,Y,,Y,"[REDACTED, MAY CONTAIN CONFIDENTIAL BUSINESS INFORMATION]",Y,"[REDACTED, MAY CONTAIN CONFIDENTIAL BUSINESS INFORMATION]",Y
273-6769,2,"Chrysler (FCA US, LLC)",10-Day Update,,,DEC-2023,1C4RJYD63P8, ,N/A,Jeep,Grand Cherokee Overland 4xE, ,2023, ,52993075c353729,,Y,Consumer,,Y, ,,Y, ,,Y, ,, ,Y,,, ,Y,Unknown,,No,ADAS,, , , , ,Y, , , ,,NOV-2023, ,DEC-2023,14:15, ,353c33e374361bd,,Y,,Y,[MAY CONTAIN PERSONALLY IDENTIFIABLE INFORMATION], ,Findley, ,OH ,,Y,Highway / Freeway,Unknown,Unknown,,Y,Daylight, , , , , , ,Y, ,,Other Fixed Object,No Injuries Reported,Yes,,,, , , , , , , , , , , ,"Other, see Narrative",No,Yes,Unknown,65, , , ,Y, , , , , , , , , , , , , , ,Y, ,No,, ,No,, ,, ,, ,"Unknown, see Narrative", ,"As stated by the vehicle owner [REDACTED, MAY CONTAIN CONFIDENTIAL BUSINESS INFORMATION]
Additionally, the vehicle owner states [REDACTED, MAY CONTAIN CONFIDENTIAL BUSINESS INFORMATION]",Y
540-6884,1,"General Motors, LLC",5-Day,,,DEC-2023,,Y,,Cadillac,CT4, ,2021, , ,49743, ,In-Vehicle (Commercial / Test),Level 2, , ,,Y, ,,Y, ,, ,Y,,, ,Y,No,,No,ADAS,General Motors, , ,Y, , , , ,Y,driver interview,DEC-2023, ,DEC-2023,18:17, , ,[MAY CONTAIN PERSONALLY IDENTIFIABLE INFORMATION], ,[MAY CONTAIN PERSONALLY IDENTIFIABLE INFORMATION], ,[MAY CONTAIN PERSONALLY IDENTIFIABLE INFORMATION], ,Hammond, ,IN ,[MAY CONTAIN PERSONALLY IDENTIFIABLE INFORMATION], ,Highway / Freeway,Dry,No Unusual Conditions,55, ,Dark - Not Lighted,Y, , , , , , , ,,Heavy Truck,No Injuries Reported,Yes,Lane / Road Departure,Unknown,No, , , , , , , , , , ,Y,Proceeding Straight,No,Yes,Yes,55, , , , , , , ,Y,Y,Y, , , , ,Y, , ,Y, , ,Yes,Indiana State Police, ,Yes,[MAY CONTAIN PERSONALLY IDENTIFIABLE INFORMATION], ,[MAY CONTAIN PERSONALLY IDENTIFIABLE INFORMATION], ,,Y,Yes, ,"On December [XXX], 2023, at 19:16 (EST), a GM-owned 2021 model year Cadillac CT4 engineering vehicle (1G6DF5RL1M0[XXX]), traveling west on [XXX], west of [XXX] in Hammond, Indiana was involved in a crash.  The subject vehicle was travelling at 55 mph in the far left lane when a semi-trailer truck crossed over into the lane and side-swiped the entire right side of the CT4.  Super Cruise was engaged at the time of the incident.  No airbags or pretensioners deployed in the CT4.  The CT4 was towed from the scene.  The semi-trailer truck left the scene without stopping.",
13781-6886,1,"Tesla, Inc.",5-Day,,,DEC-2023,7SAYGAEE8PF, ,N/A,Tesla,Model Y, ,2023, ,501249c712bbc51,4151, ,Consumer,"[REDACTED, MAY CONTAIN CONFIDENTIAL BUSINESS INFORMATION]", ,Y,"[REDACTED, MAY CONTAIN CONFIDENTIAL BUSINESS INFORMATION]", ,Y,"[REDACTED, MAY CONTAIN CONFIDENTIAL BUSINESS INFORMATION]", ,Y,,Y, ,,, ,Y,No,,No,ADAS,, , ,Y, , , , , ,,DEC-2023, ,DEC-2023,15:54, ,07980af30e8aa0f,[MAY CONTAIN PERSONALLY IDENTIFIABLE INFORMATION], ,[MAY CONTAIN PERSONALLY IDENTIFIABLE INFORMATION], ,[MAY CONTAIN PERSONALLY IDENTIFIABLE INFORMATION], ,Dixon, ,CA ,[MAY CONTAIN PERSONALLY IDENTIFIABLE INFORMATION], ,Highway / Freeway,Dry,"Other, see Narrative",65, ,Daylight,Y, , , , , , , ,,Other Fixed Object,Unknown,Yes,,,, , , , , , , , , , , ,Proceeding Straight,Yes,Unknown,Unknown,60, ,Y,Y,Y, , ,Y, , , , , ,Y, ,Y, ,Y,Y, , ,Unknown,,Y,Unknown,,Y,,Y,,Y,"[REDACTED, MAY CONTAIN CONFIDENTIAL BUSINESS INFORMATION]",Y,"[REDACTED, MAY CONTAIN CONFIDENTIAL BUSINESS INFORMATION]",Y
13781-6885,1,"Tesla, Inc.",5-Day,,,DEC-2023,7SAYGDEE6PF, ,N/A,Tesla,Model Y, ,2023, ,9ce4c1b6261d8ea,3765, ,Consumer,"[REDACTED, MAY CONTAIN CONFIDENTIAL BUSINESS INFORMATION]", ,Y,"[REDACTED, MAY CONTAIN CONFIDENTIAL BUSINESS INFORMATION]", ,Y,"[REDACTED, MAY CONTAIN CONFIDENTIAL BUSINESS INFORMATION]", ,Y,,Y, ,,, ,Y,No,,No,ADAS,, ,Y, , , , , , ,,DEC-2023, ,DEC-2023,,Y,b0a2f66fce64ebc,[MAY CONTAIN PERSONALLY IDENTIFIABLE INFORMATION], ,[MAY CONTAIN PERSONALLY IDENTIFIABLE INFORMATION], ,[MAY CONTAIN PERSONALLY IDENTIFIABLE INFORMATION], ,Queens, ,NY ,[MAY CONTAIN PERSONALLY IDENTIFIABLE INFORMATION], ,Street,Dry,No Unusual Conditions,25, ,Daylight, , ,Y, , , , , ,,SUV,Unknown,Yes,Parked,Unknown,Unknown,Y,Y, ,Y, , , , , , , ,Proceeding Straight,No,Yes,Unknown,24, , , , , , ,Y, ,Y,Y, , ,Y, ,Y,Y,Y,Y, , ,Unknown,,Y,Unknown,,Y,,Y,,Y,"[REDACTED, MAY CONTAIN CONFIDENTIAL BUSINESS INFORMATION]",Y,"[REDACTED, MAY CONTAIN CONFIDENTIAL BUSINESS INFORMATION]",Y
502-6852,1,Ford Motor Company,5-Day,,,DEC-2023,3FMTK4SE2PM, ,N/A,Ford,Mach-E, ,2023, ,dfee48ed93d9566,4895, ,Consumer,CoPilot360 Active 2.0 / BlueCruise 1.2, , ,"[REDACTED, MAY CONTAIN CONFIDENTIAL BUSINESS INFORMATION]", ,Y,"[REDACTED, MAY CONTAIN CONFIDENTIAL BUSINESS INFORMATION]", ,Y,, ,Y,,, ,Y,No,,No,ADAS,, ,Y, , , , , , ,,DEC-2023, ,DEC-2023,16:26, ,f00785b18231751,,Y,,Y,[MAY CONTAIN PERSONALLY IDENTIFIABLE INFORMATION], ,Highland Park, ,MI ,,Y,Highway / Freeway,Dry,"Other, see Narrative",,Y,Daylight,Y, , , , , , , ,,"Other, see Narrative",No Injuries Reported,Yes,"Other, see Narrative",Not Applicable,Not Applicable, , , , , , , , , , ,Y,Proceeding Straight,No,Yes,Yes,,Y, , ,Y, , , , , , ,Y, , , ,Y, , ,Y, , ,No,, ,Yes,, ,, ,, ,Yes, ,The driver reported an incident to Ford that occurred while driving on [XXX].  The customer stated they were using Level 2 ADAS Hands Off mode.  The driver ran over road debris causing a flat tire and damage to the underside resulting in the vehicle to be towed to a dealership.,
10039-6771,2,"BMW of North America, LLC",10-Day Update,,,DEC-2023,5UXTA6C05M9, ,N/A,BMW,X5 xDrive45e, ,2021, ,d10aeeac381d8fc,,Y,Consumer,,Y, ,,Y, ,,Y, ,,Y, ,,, ,Y,No,,No,"Unknown, see Narrative",, ,Y, , , , , , ,,DEC-2023, ,DEC-2023,,Y,0fab32ab3e6ced6,,Y,,Y,[MAY CONTAIN PERSONALLY IDENTIFIABLE INFORMATION], ,,Y,NJ ,,Y,Highway / Freeway,Wet,Unknown,,Y,Unknown, , , , ,Y, , , ,,Other Fixed Object,Minor,Unknown,,,, , , , , , , , , , , ,Changing Lanes,Yes,Yes,Unknown,,Y,Y, ,Y,Y, ,Y, , ,Y, , , , , , , , , ,Y,Unknown,,Y,Yes,,Y,,Y,,Y,"[REDACTED, MAY CONTAIN CONFIDENTIAL BUSINESS INFORMATION]",Y,"[REDACTED, MAY CONTAIN CONFIDENTIAL BUSINESS INFORMATION]",Y
13781-6877,1,"Tesla, Inc.",5-Day,,,DEC-2023,5YJ3E1EB6JF, ,N/A,Tesla,Model 3, ,2018, ,80e55ac57d597f2,45103, ,Consumer,"[REDACTED, MAY CONTAIN CONFIDENTIAL BUSINESS INFORMATION]", ,Y,"[REDACTED, MAY CONTAIN CONFIDENTIAL BUSINESS INFORMATION]", ,Y,"[REDACTED, MAY CONTAIN CONFIDENTIAL BUSINESS INFORMATION]", ,Y,,Y, ,,, ,Y,No,,No,ADAS,, , ,Y, , , , , ,,DEC-2023, ,DEC-2023,08:45, ,c416875e1fa1f21,[MAY CONTAIN PERSONALLY IDENTIFIABLE INFORMATION], ,[MAY CONTAIN PERSONALLY IDENTIFIABLE INFORMATION], ,[MAY CONTAIN PERSONALLY IDENTIFIABLE INFORMATION], ,Tacoma, ,WA ,[MAY CONTAIN PERSONALLY IDENTIFIABLE INFORMATION], ,Unknown,Unknown,Unknown,60, ,Unknown, , , , , , ,Y, ,,Unknown,Unknown,Yes,Unknown,Unknown,Unknown, , , , , , , , , , ,Y,Proceeding Straight,Yes,Unknown,Unknown,66, , , , , , , , , , , ,Y,Y, ,Y, , ,Y, , ,Unknown,,Y,Unknown,,Y,,Y,,Y,"[REDACTED, MAY CONTAIN CONFIDENTIAL BUSINESS INFORMATION]",Y,"[REDACTED, MAY CONTAIN CONFIDENTIAL BUSINESS INFORMATION]",Y
13781-6876,1,"Tesla, Inc.",5-Day,,,DEC-2023,7SAYGDEE2NA, ,N/A,Tesla,Model Y, ,2022, ,cde7815522b901c,,Y,In-Vehicle (Commercial / Test),"[REDACTED, MAY CONTAIN CONFIDENTIAL BUSINESS INFORMATION]", ,Y,"[REDACTED, MAY CONTAIN CONFIDENTIAL BUSINESS INFORMATION]", ,Y,"[REDACTED, MAY CONTAIN CONFIDENTIAL BUSINESS INFORMATION]", ,Y,,Y, ,,, ,Y,No,,No,ADAS,Tesla, , , , ,Y, , , ,,DEC-2023, ,DEC-2023,,Y,f74e21010620462,,Y,,Y,,Y,,Y,UNK,,Y,Unknown,Unknown,Unknown,,Y,Unknown, , , , , , ,Y, ,,Unknown,Unknown,Yes,Unknown,Unknown,Unknown, , , , , , , , , , ,Y,Proceeding Straight,Yes,Unknown,Unknown,81, , , , , , , , , , , ,Y, , ,Y, , ,Y, , ,Unknown,,Y,Unknown,,Y,,Y,,Y,"[REDACTED, MAY CONTAIN CONFIDENTIAL BUSINESS INFORMATION]",Y,"[REDACTED, MAY CONTAIN CONFIDENTIAL BUSINESS INFORMATION]",Y
13781-6875,1,"Tesla, Inc.",5-Day,,,DEC-2023,7SAYGDEF6NF, ,N/A,Tesla,Model Y, ,2022, ,4dc789adbe23e08,18402, ,Consumer,"[REDACTED, MAY CONTAIN CONFIDENTIAL BUSINESS INFORMATION]", ,Y,"[REDACTED, MAY CONTAIN CONFIDENTIAL BUSINESS INFORMATION]", ,Y,"[REDACTED, MAY CONTAIN CONFIDENTIAL BUSINESS INFORMATION]", ,Y,,Y, ,,, ,Y,No,,No,ADAS,, , ,Y, , , , , ,,DEC-2023, ,DEC-2023,20:04, ,371704a4937e20e,[MAY CONTAIN PERSONALLY IDENTIFIABLE INFORMATION], ,[MAY CONTAIN PERSONALLY IDENTIFIABLE INFORMATION], ,[MAY CONTAIN PERSONALLY IDENTIFIABLE INFORMATION], ,Corona, ,CA ,[MAY CONTAIN PERSONALLY IDENTIFIABLE INFORMATION], ,Highway / Freeway,Dry,No Unusual Conditions,70, ,Daylight,Y, , , , , , , ,,Other Fixed Object,Unknown,Yes,,,, , , , , , , , , , , ,Proceeding Straight,Yes,Unknown,"No, see Narrative",62, ,Y,Y,Y, , , , , , , , ,Y, ,Y, ,Y,Y, , ,Unknown,,Y,Unknown,,Y,,Y,,Y,"[REDACTED, MAY CONTAIN CONFIDENTIAL BUSINESS INFORMATION]",Y,"[REDACTED, MAY CONTAIN CONFIDENTIAL BUSINESS INFORMATION]",Y
13781-6874,1,"Tesla, Inc.",5-Day,,,DEC-2023,7SAYGDEE9NF, ,N/A,Tesla,Model Y, ,2022, ,a1eb6796fc46716,72658, ,Consumer,"[REDACTED, MAY CONTAIN CONFIDENTIAL BUSINESS INFORMATION]", ,Y,"[REDACTED, MAY CONTAIN CONFIDENTIAL BUSINESS INFORMATION]", ,Y,"[REDACTED, MAY CONTAIN CONFIDENTIAL BUSINESS INFORMATION]", ,Y,,Y, ,,, ,Y,No,,No,ADAS,, , ,Y, , , , , ,,DEC-2023, ,DEC-2023,14:01, ,f2a20666d5c8db3,[MAY CONTAIN PERSONALLY IDENTIFIABLE INFORMATION], ,[MAY CONTAIN PERSONALLY IDENTIFIABLE INFORMATION], ,[MAY CONTAIN PERSONALLY IDENTIFIABLE INFORMATION], ,Kent, ,WA ,[MAY CONTAIN PERSONALLY IDENTIFIABLE INFORMATION], ,Intersection,Dry,No Unusual Conditions,35, ,Dark - Lighted, , ,Y, , , , , ,,SUV,Unknown,Yes,Proceeding Straight,Yes,Unknown, , , , , , ,Y,Y,Y, , ,Proceeding Straight,Yes,Unknown,Unknown,22, , , ,Y, , ,Y, , ,Y, , ,Y, ,Y, ,Y,Y, , ,Unknown,,Y,Unknown,,Y,,Y,,Y,"[REDACTED, MAY CONTAIN CONFIDENTIAL BUSINESS INFORMATION]",Y,"[REDACTED, MAY CONTAIN CONFIDENTIAL BUSINESS INFORMATION]",Y