Report ID,Report Version,Reporting Entity,Report Type,Report Month,Report Year,Report Submission Date,VIN,VIN - Unknown,Serial Number,Make,Model,Model - Unknown,Model Year,Model Year - Unknown,Same Vehicle ID,Mileage,Mileage - Unknown,Driver / Operator Type,ADAS/ADS System Version,ADAS/ADS System Version - Unk,ADAS/ADS System Version CBI,ADAS/ADS Hardware Version,ADAS/ADS Hardware Version - Unk,ADAS/ADS Hardware Version CBI,ADAS/ADS Software Version,ADAS/ADS Software Version - Unk,ADAS/ADS Software Version CBI,Other Reporting Entities?,Other Reporting Entities? - Unk,Other Reporting Entities? - NA,Federal Regulatory Exemption?,Other Federal Reg. Exemption,Federal Reg. Exemption - Unk,Federal Reg. Exemption - No,State or Local Permit?,State or Local Permit,ADS Equipped?,Automation System Engaged?,Operating Entity,Operating Entity - Unknown,Source - Complaint/Claim,Source - Telematics,Source - Law Enforcement,Source - Field Report,Source - Testing,Source - Media,Source - Other,Source - Other Text,Incident Date,Incident Date - Unknown,Notice Received Date,Incident Time (24:00),Incident Time - Unknown,Same Incident ID,Latitude,Latitude - Unknown,Longitude,Longitude - Unknown,Address,Address - Unknown,City,City - Unknown,State,Zip Code,Zip Code - Unknown,Roadway Type,Roadway Surface,Roadway Description,Posted Speed Limit (MPH),Posted Speed Limit - Unknown,Lighting,Weather - Clear,Weather - Snow,Weather - Cloudy,Weather - Fog/Smoke,Weather - Rain,Weather - Severe Wind,Weather - Unknown,Weather - Other,Weather - Other Text,Crash With,Highest Injury Severity Alleged,Property Damage?,CP Pre-Crash Movement,CP Any Air Bags Deployed?,CP Was Vehicle Towed?,CP Contact Area - Rear Left,CP Contact Area - Left,CP Contact Area - Front Left,CP Contact Area - Rear,CP Contact Area - Top,CP Contact Area - Front,CP Contact Area - Rear Right,CP Contact Area - Right,CP Contact Area - Front Right,CP Contact Area - Bottom,CP Contact Area - Unknown,SV Pre-Crash Movement,SV Any Air Bags Deployed?,SV Was Vehicle Towed?,SV Were All Passengers Belted?,SV Precrash Speed (MPH),SV Pre-crash Speed - Unknown,SV Contact Area - Rear Left,SV Contact Area - Left,SV Contact Area - Front Left,SV Contact Area - Rear,SV Contact Area - Top,SV Contact Area - Front,SV Contact Area - Rear Right,SV Contact Area - Right,SV Contact Area - Front Right,SV Contact Area - Bottom,SV Contact Area - Unknown,Data Availability - EDR,Data Availability - Police Rpt,Data Availability - Telematics,Data Availability - Complaints,Data Availability - Video,Data Availability - Other,Data Availability - No Data,Data Availability - Unknown,Law Enforcement Investigating?,Investigating Agency,Investigating Agency - Unknown,Rep Ent Or Mfr Investigating?,Investigating Officer Name,Inv. Officer Name - Unknown,Investigating Officer Phone,Inv. Officer Phone - Unknown,Investigating Officer Email,Inv. Officer Email - Unknown,Within ODD?,Within ODD? - CBI,Narrative,Narrative - CBI?
13781-6183,1,"Tesla, Inc.",5-Day,,,AUG-2023,5YJ3E1EA7JF, ,N/A,Tesla,Model 3, ,2018, ,8121207634ad44f,108426, ,Consumer,"[REDACTED, MAY CONTAIN CONFIDENTIAL BUSINESS INFORMATION]", ,Y,"[REDACTED, MAY CONTAIN CONFIDENTIAL BUSINESS INFORMATION]", ,Y,"[REDACTED, MAY CONTAIN CONFIDENTIAL BUSINESS INFORMATION]", ,Y,,Y, ,,, ,Y,No,,No,ADAS,, , ,Y, , , , , ,,AUG-2023, ,AUG-2023,01:18, ,4211426c70630ab,[MAY CONTAIN PERSONALLY IDENTIFIABLE INFORMATION], ,[MAY CONTAIN PERSONALLY IDENTIFIABLE INFORMATION], ,[MAY CONTAIN PERSONALLY IDENTIFIABLE INFORMATION], ,Burbank, ,CA ,[MAY CONTAIN PERSONALLY IDENTIFIABLE INFORMATION], ,Unknown,Unknown,Unknown,65, ,Unknown, , , , , , ,Y, ,,Unknown,Unknown,Yes,Unknown,Unknown,Unknown, , , , , , , , , , ,Y,Proceeding Straight,Yes,Unknown,Unknown,54, , , , , , , , , , , ,Y,Y, ,Y, , ,Y, , ,Unknown,,Y,Unknown,,Y,,Y,,Y,"[REDACTED, MAY CONTAIN CONFIDENTIAL BUSINESS INFORMATION]",Y,"[REDACTED, MAY CONTAIN CONFIDENTIAL BUSINESS INFORMATION]",Y
13781-6172,1,"Tesla, Inc.",5-Day,,,AUG-2023,5YJ3E1EA0KF, ,N/A,Tesla,Model 3, ,2019, ,8efc9a9cc8e2008,50058, ,Consumer,"[REDACTED, MAY CONTAIN CONFIDENTIAL BUSINESS INFORMATION]", ,Y,"[REDACTED, MAY CONTAIN CONFIDENTIAL BUSINESS INFORMATION]", ,Y,"[REDACTED, MAY CONTAIN CONFIDENTIAL BUSINESS INFORMATION]", ,Y,,Y, ,,, ,Y,No,,No,ADAS,, ,Y,Y, , , , , ,,MAY-2023, ,AUG-2023,,Y,459e50a08f015bb,[MAY CONTAIN PERSONALLY IDENTIFIABLE INFORMATION], ,[MAY CONTAIN PERSONALLY IDENTIFIABLE INFORMATION], ,[MAY CONTAIN PERSONALLY IDENTIFIABLE INFORMATION], ,Sealy, ,TX ,[MAY CONTAIN PERSONALLY IDENTIFIABLE INFORMATION], ,Highway / Freeway,Unknown,Unknown,75, ,Unknown, , , , , , ,Y, ,,Unknown,Unknown,Yes,Unknown,Unknown,Unknown, , , , , , , , , , ,Y,Proceeding Straight,Yes,Unknown,Unknown,44, , , , , , , , , , , ,Y,Y, ,Y, , ,Y, , ,Unknown,,Y,Unknown,,Y,,Y,,Y,"[REDACTED, MAY CONTAIN CONFIDENTIAL BUSINESS INFORMATION]",Y,"[REDACTED, MAY CONTAIN CONFIDENTIAL BUSINESS INFORMATION]",Y
13781-6171,1,"Tesla, Inc.",5-Day,,,AUG-2023,5YJYGDED1MF, ,N/A,Tesla,Model Y, ,2021, ,5984535d27df6a3,27622, ,Consumer,"[REDACTED, MAY CONTAIN CONFIDENTIAL BUSINESS INFORMATION]", ,Y,"[REDACTED, MAY CONTAIN CONFIDENTIAL BUSINESS INFORMATION]", ,Y,"[REDACTED, MAY CONTAIN CONFIDENTIAL BUSINESS INFORMATION]", ,Y,,Y, ,,, ,Y,No,,No,ADAS,, , ,Y, , , , , ,,AUG-2023, ,AUG-2023,22:06, ,c72113210ff5fc9,[MAY CONTAIN PERSONALLY IDENTIFIABLE INFORMATION], ,[MAY CONTAIN PERSONALLY IDENTIFIABLE INFORMATION], ,[MAY CONTAIN PERSONALLY IDENTIFIABLE INFORMATION], ,Ocean Township, ,NJ ,[MAY CONTAIN PERSONALLY IDENTIFIABLE INFORMATION], ,Intersection,Dry,No Unusual Conditions,35, ,Daylight,Y, , , , , , , ,,Passenger Car,Unknown,Yes,"Other, see Narrative",Yes,Unknown, , ,Y, , ,Y, , ,Y, , ,Proceeding Straight,Yes,Unknown,Unknown,26, , , , , , , ,Y,Y,Y, , ,Y, ,Y, ,Y,Y, , ,Unknown,,Y,Unknown,,Y,,Y,,Y,"[REDACTED, MAY CONTAIN CONFIDENTIAL BUSINESS INFORMATION]",Y,"[REDACTED, MAY CONTAIN CONFIDENTIAL BUSINESS INFORMATION]",Y
13781-6170,1,"Tesla, Inc.",5-Day,,,AUG-2023,5YJ3E1EB9KF, ,N/A,Tesla,Model 3, ,2019, ,3afb1c92a2ea160,112289, ,Consumer,"[REDACTED, MAY CONTAIN CONFIDENTIAL BUSINESS INFORMATION]", ,Y,"[REDACTED, MAY CONTAIN CONFIDENTIAL BUSINESS INFORMATION]", ,Y,"[REDACTED, MAY CONTAIN CONFIDENTIAL BUSINESS INFORMATION]", ,Y,,Y, ,,, ,Y,No,,No,ADAS,, , ,Y, , , , , ,,AUG-2023, ,AUG-2023,12:11, ,964ece3e08030ff,[MAY CONTAIN PERSONALLY IDENTIFIABLE INFORMATION], ,[MAY CONTAIN PERSONALLY IDENTIFIABLE INFORMATION], ,[MAY CONTAIN PERSONALLY IDENTIFIABLE INFORMATION], ,Newark, ,DE ,[MAY CONTAIN PERSONALLY IDENTIFIABLE INFORMATION], ,Highway / Freeway,Dry,Work Zone,65, ,Daylight,Y, , , , , , , ,,Heavy Truck,Unknown,Yes,Proceeding Straight,Unknown,Unknown, , ,Y, , ,Y, , , , , ,Proceeding Straight,Yes,Unknown,Unknown,53, , , , ,Y, , ,Y, , , , ,Y, ,Y, ,Y,Y, , ,Unknown,,Y,Unknown,,Y,,Y,,Y,"[REDACTED, MAY CONTAIN CONFIDENTIAL BUSINESS INFORMATION]",Y,"[REDACTED, MAY CONTAIN CONFIDENTIAL BUSINESS INFORMATION]",Y
13781-6169,1,"Tesla, Inc.",5-Day,,,AUG-2023,5YJ3E1EB0JF, ,N/A,Tesla,Model 3, ,2018, ,c7ba9982ee2beea,41871, ,Consumer,"[REDACTED, MAY CONTAIN CONFIDENTIAL BUSINESS INFORMATION]", ,Y,"[REDACTED, MAY CONTAIN CONFIDENTIAL BUSINESS INFORMATION]", ,Y,"[REDACTED, MAY CONTAIN CONFIDENTIAL BUSINESS INFORMATION]", ,Y,,Y, ,,, ,Y,No,,No,ADAS,, , ,Y, , , , , ,,AUG-2023, ,AUG-2023,11:38, ,6856d336f827d1e,[MAY CONTAIN PERSONALLY IDENTIFIABLE INFORMATION], ,[MAY CONTAIN PERSONALLY IDENTIFIABLE INFORMATION], ,[MAY CONTAIN PERSONALLY IDENTIFIABLE INFORMATION], ,Detroit, ,MI ,[MAY CONTAIN PERSONALLY IDENTIFIABLE INFORMATION], ,Unknown,Unknown,Unknown,55, ,Unknown, , , , , , ,Y, ,,Unknown,Unknown,Yes,Unknown,Unknown,Unknown, , , , , , , , , , ,Y,Proceeding Straight,Yes,Unknown,Unknown,59, , , , , , , , , , , ,Y,Y, ,Y, , ,Y, , ,Unknown,,Y,Unknown,,Y,,Y,,Y,"[REDACTED, MAY CONTAIN CONFIDENTIAL BUSINESS INFORMATION]",Y,"[REDACTED, MAY CONTAIN CONFIDENTIAL BUSINESS INFORMATION]",Y
1306-6164,1,Toyota Motor Engineering & Manufacturing,5-Day,,,AUG-2023,JTDBCMFE7PJ, ,N/A,Toyota,Corolla Hybrid, ,2023, ,a783f0a17cdabc0,6131, ,Consumer,TSS 3.0, , ,Due to multiple ECUs no version can be described, , ,Due to multiple ECUs no version can be described, , ,, ,Y,,, ,Y,No,,No,ADAS,, ,Y, , ,Y, , , ,,AUG-2023, ,AUG-2023,16:42, ,a7f8e178ba71994,,Y,,Y,[MAY CONTAIN PERSONALLY IDENTIFIABLE INFORMATION], ,Northridge, ,CA ,,Y,Highway / Freeway,Dry,Unknown,,Y,Daylight,Y, , , , , , , ,,Other Fixed Object,Unknown,Yes,,,, , , , , , , , , , , ,Proceeding Straight,Yes,Yes,Unknown,65, ,Y,Y,Y, , , , , , , , , , , ,Y, ,Y, , ,Unknown,,Y,Yes,,Y,,Y,,Y,"Unknown, see Narrative", ,"On August 3, 2023, Toyota received an allegation related to this crash from the vehicle owner. The owner alleged that her son was driving with his girlfriend at the time of the accident. She stated they were on the [XXX] in Northridge, CA in the far left lane. Additionally, she stated that, ""He had turned on the cruise control setting and set it at 70 MPH. He had been cruising for about 10 minutes when all of a sudden, the vehicle veered to the left and hit the center divider."" The owner stated that all the airbags deployed except for the driver's airbag. The police responded, but the customer did not have details related to the law enforcement entity or whether a report was created. The driver and passenger sustained injuries described as (Driver): bruised knee and left foot injury, (Passenger): Bruising from seatbelt.  ADAS Level 2 driving status was not reported by the owner.
On August 18, 2023, Toyota completed a vehicle inspection with field report for the crash event and obtained the Vehicle Control History (VCH) indicating that ADAS L2 was engaged in the recorded moments prior to the crash. The VCH recording contains approximately 8 seconds of pre-crash data and images. From the VCH, Toyota observed the following: The vehicle was travelling in the center of 3 lanes before drifting left and contacting the concrete highway divider. Dynamic Radar Cruise Control (DRCC) was engaged from the start of the recording until the crash occurred. Lane Trace Assist (LTA) was engaged  approximately 3.6 seconds prior to the crash event when it disengaged. The field report shows that both Curtain Shield Airbags and the Driver Side Airbag were deployed.",
13781-6157,1,"Tesla, Inc.",5-Day,,,AUG-2023,7SAYGAEE3NF, ,N/A,Tesla,Model Y, ,2022, ,6689d72152b194d,34049, ,Consumer,"[REDACTED, MAY CONTAIN CONFIDENTIAL BUSINESS INFORMATION]", ,Y,"[REDACTED, MAY CONTAIN CONFIDENTIAL BUSINESS INFORMATION]", ,Y,"[REDACTED, MAY CONTAIN CONFIDENTIAL BUSINESS INFORMATION]", ,Y,,Y, ,,, ,Y,No,,No,ADAS,, , ,Y, , , , , ,,AUG-2023, ,AUG-2023,03:19, ,76fbf539025f572,[MAY CONTAIN PERSONALLY IDENTIFIABLE INFORMATION], ,[MAY CONTAIN PERSONALLY IDENTIFIABLE INFORMATION], ,[MAY CONTAIN PERSONALLY IDENTIFIABLE INFORMATION], ,Phoenix, ,AZ ,[MAY CONTAIN PERSONALLY IDENTIFIABLE INFORMATION], ,Highway / Freeway,Dry,"Other, see Narrative",55, ,Dark - Lighted,Y, , , , , , , ,,Passenger Car,Unknown,Yes,"Other, see Narrative",Unknown,Unknown,Y, , ,Y, , ,Y, , , , ,Proceeding Straight,Yes,Unknown,Unknown,34, , , ,Y, , ,Y, , ,Y, , ,Y, ,Y, ,Y,Y, , ,Unknown,,Y,Unknown,,Y,,Y,,Y,"[REDACTED, MAY CONTAIN CONFIDENTIAL BUSINESS INFORMATION]",Y,"[REDACTED, MAY CONTAIN CONFIDENTIAL BUSINESS INFORMATION]",Y
13781-6156,1,"Tesla, Inc.",5-Day,,,AUG-2023,5YJ3E1EA3MF, ,N/A,Tesla,Model 3, ,2021, ,4d720e837922ea5,23474, ,Consumer,"[REDACTED, MAY CONTAIN CONFIDENTIAL BUSINESS INFORMATION]", ,Y,"[REDACTED, MAY CONTAIN CONFIDENTIAL BUSINESS INFORMATION]", ,Y,"[REDACTED, MAY CONTAIN CONFIDENTIAL BUSINESS INFORMATION]", ,Y,,Y, ,,, ,Y,No,,No,ADAS,, , ,Y, , , , , ,,AUG-2023, ,AUG-2023,16:51, ,2878d2855f2ca5d,[MAY CONTAIN PERSONALLY IDENTIFIABLE INFORMATION], ,[MAY CONTAIN PERSONALLY IDENTIFIABLE INFORMATION], ,[MAY CONTAIN PERSONALLY IDENTIFIABLE INFORMATION], ,Houston, ,TX ,[MAY CONTAIN PERSONALLY IDENTIFIABLE INFORMATION], ,Street,Dry,No Unusual Conditions,35, ,Daylight,Y, , , , , , , ,,SUV,Unknown,Yes,Proceeding Straight,Yes,Unknown, ,Y,Y, , ,Y, , , , , ,Proceeding Straight,Yes,Unknown,Unknown,27, , , ,Y, , ,Y, , ,Y, , ,Y, ,Y, ,Y,Y, , ,Unknown,,Y,Unknown,,Y,,Y,,Y,"[REDACTED, MAY CONTAIN CONFIDENTIAL BUSINESS INFORMATION]",Y,"[REDACTED, MAY CONTAIN CONFIDENTIAL BUSINESS INFORMATION]",Y
13781-6155,1,"Tesla, Inc.",5-Day,,,AUG-2023,5YJYGAEE5MF, ,N/A,Tesla,Model Y, ,2021, ,fdbc9f9567c5a55,49340, ,Consumer,"[REDACTED, MAY CONTAIN CONFIDENTIAL BUSINESS INFORMATION]", ,Y,"[REDACTED, MAY CONTAIN CONFIDENTIAL BUSINESS INFORMATION]", ,Y,"[REDACTED, MAY CONTAIN CONFIDENTIAL BUSINESS INFORMATION]", ,Y,,Y, ,,, ,Y,No,,No,ADAS,, , ,Y, , , , , ,,AUG-2023, ,AUG-2023,21:00, ,b3b0e9a43746dca,[MAY CONTAIN PERSONALLY IDENTIFIABLE INFORMATION], ,[MAY CONTAIN PERSONALLY IDENTIFIABLE INFORMATION], ,[MAY CONTAIN PERSONALLY IDENTIFIABLE INFORMATION], ,Independence, ,MO ,[MAY CONTAIN PERSONALLY IDENTIFIABLE INFORMATION], ,Intersection,Dry,No Unusual Conditions,65, ,Daylight, , ,Y, , , , , ,,Pickup Truck,Unknown,Yes,"Other, see Narrative",Unknown,Unknown, , ,Y, , ,Y, , ,Y, , ,Proceeding Straight,Yes,Unknown,Unknown,73, ,Y,Y, , , , , , , , , ,Y, ,Y, ,Y,Y, , ,Unknown,,Y,Unknown,,Y,,Y,,Y,"[REDACTED, MAY CONTAIN CONFIDENTIAL BUSINESS INFORMATION]",Y,"[REDACTED, MAY CONTAIN CONFIDENTIAL BUSINESS INFORMATION]",Y
13781-6154,1,"Tesla, Inc.",5-Day,,,AUG-2023,5YJYGDEE2MF, ,N/A,Tesla,Model Y, ,2021, ,5bdcac48f79d988,49594, ,Consumer,"[REDACTED, MAY CONTAIN CONFIDENTIAL BUSINESS INFORMATION]", ,Y,"[REDACTED, MAY CONTAIN CONFIDENTIAL BUSINESS INFORMATION]", ,Y,"[REDACTED, MAY CONTAIN CONFIDENTIAL BUSINESS INFORMATION]", ,Y,,Y, ,,, ,Y,No,,No,ADAS,, , ,Y, , , , , ,,AUG-2023, ,AUG-2023,18:09, ,859206372eb0d03,[MAY CONTAIN PERSONALLY IDENTIFIABLE INFORMATION], ,[MAY CONTAIN PERSONALLY IDENTIFIABLE INFORMATION], ,[MAY CONTAIN PERSONALLY IDENTIFIABLE INFORMATION], ,San Diego, ,CA ,[MAY CONTAIN PERSONALLY IDENTIFIABLE INFORMATION], ,Street,Dry,No Unusual Conditions,50, ,Daylight,Y, , , , , , , ,,Other Fixed Object,Unknown,Yes,,,, , , , , , , , , , , ,Proceeding Straight,Yes,Unknown,Unknown,52, ,Y,Y,Y, , , , , , , , ,Y, ,Y, ,Y,Y, , ,Unknown,,Y,Unknown,,Y,,Y,,Y,"[REDACTED, MAY CONTAIN CONFIDENTIAL BUSINESS INFORMATION]",Y,"[REDACTED, MAY CONTAIN CONFIDENTIAL BUSINESS INFORMATION]",Y
10039-6029,3,"BMW of North America, LLC",10-Day Update,,,AUG-2023,WB523CF01PC, ,N/A,BMW,iX xDrive50, ,2023, ,d7778038a2eeea6,,Y,Consumer,,Y, ,,Y, ,,Y, ,,Y, ,,,Y, ,Unknown,,No,"Unknown, see Narrative",, ,Y, , , , , , ,,MAY-2023, ,AUG-2023,06:00, ,f9ac60f561cdde2,,Y,,Y,[MAY CONTAIN PERSONALLY IDENTIFIABLE INFORMATION], ,,Y,NJ ,,Y,Highway / Freeway,Dry,Unknown,,Y,Unknown, , , , , , ,Y, ,,Other Fixed Object,No Injuries Reported,No,,,, , , , , , , , , , , ,"Other, see Narrative",Unknown,Yes,Unknown,72, , , ,Y, , ,Y, , ,Y, , , , , , , , , ,Y,Unknown,,Y,Yes,,Y,,Y,,Y,"[REDACTED, MAY CONTAIN CONFIDENTIAL BUSINESS INFORMATION]",Y,"[REDACTED, MAY CONTAIN CONFIDENTIAL BUSINESS INFORMATION]",Y
13781-6143,1,"Tesla, Inc.",5-Day,,,AUG-2023,5YJ3E1EA7LF, ,N/A,Tesla,Model 3, ,2020, ,74d2e2a0f2d60ad,65591, ,Consumer,"[REDACTED, MAY CONTAIN CONFIDENTIAL BUSINESS INFORMATION]", ,Y,"[REDACTED, MAY CONTAIN CONFIDENTIAL BUSINESS INFORMATION]", ,Y,"[REDACTED, MAY CONTAIN CONFIDENTIAL BUSINESS INFORMATION]", ,Y,,Y, ,,, ,Y,No,,No,ADAS,, , ,Y, , , , , ,,AUG-2023, ,AUG-2023,09:51, ,58cc38222400492,[MAY CONTAIN PERSONALLY IDENTIFIABLE INFORMATION], ,[MAY CONTAIN PERSONALLY IDENTIFIABLE INFORMATION], ,[MAY CONTAIN PERSONALLY IDENTIFIABLE INFORMATION], ,Edgemont, ,CA ,,Y,Highway / Freeway,Dry,No Unusual Conditions,65, ,Dark - Lighted,Y, , , , , , , ,,Other Fixed Object,Unknown,Yes,,,, , , , , , , , , , , ,Proceeding Straight,Yes,Unknown,Unknown,72, , , ,Y, , ,Y, ,Y,Y,Y, ,Y, ,Y, ,Y,Y, , ,Unknown,,Y,Unknown,,Y,,Y,,Y,"[REDACTED, MAY CONTAIN CONFIDENTIAL BUSINESS INFORMATION]",Y,"[REDACTED, MAY CONTAIN CONFIDENTIAL BUSINESS INFORMATION]",Y
13781-6142,1,"Tesla, Inc.",5-Day,,,AUG-2023,5YJ3E1EA5NF, ,N/A,Tesla,Model 3, ,2022, ,040afa5193e6033,38072, ,Consumer,"[REDACTED, MAY CONTAIN CONFIDENTIAL BUSINESS INFORMATION]", ,Y,"[REDACTED, MAY CONTAIN CONFIDENTIAL BUSINESS INFORMATION]", ,Y,"[REDACTED, MAY CONTAIN CONFIDENTIAL BUSINESS INFORMATION]", ,Y,,Y, ,,, ,Y,No,,No,ADAS,, , ,Y, , , , , ,,AUG-2023, ,AUG-2023,09:40, ,ab6c18fb4e24125,[MAY CONTAIN PERSONALLY IDENTIFIABLE INFORMATION], ,[MAY CONTAIN PERSONALLY IDENTIFIABLE INFORMATION], ,[MAY CONTAIN PERSONALLY IDENTIFIABLE INFORMATION], ,San Mateo, ,CA ,[MAY CONTAIN PERSONALLY IDENTIFIABLE INFORMATION], ,Highway / Freeway,Dry,No Unusual Conditions,55, ,Dark - Lighted,Y, , , , , , , ,,Passenger Car,Unknown,Yes,"Other, see Narrative",Unknown,Unknown, , , , , ,Y, , ,Y, , ,Proceeding Straight,Yes,Unknown,Unknown,72, ,Y,Y, , , , , , , , , ,Y, ,Y, ,Y,Y, , ,Unknown,,Y,Unknown,,Y,,Y,,Y,"[REDACTED, MAY CONTAIN CONFIDENTIAL BUSINESS INFORMATION]",Y,"[REDACTED, MAY CONTAIN CONFIDENTIAL BUSINESS INFORMATION]",Y
13781-6141,1,"Tesla, Inc.",5-Day,,,AUG-2023,7SAYGDEE5PA, ,N/A,Tesla,Model Y, ,2023, ,0b6a0281ee010d3,13546, ,Consumer,"[REDACTED, MAY CONTAIN CONFIDENTIAL BUSINESS INFORMATION]", ,Y,"[REDACTED, MAY CONTAIN CONFIDENTIAL BUSINESS INFORMATION]", ,Y,"[REDACTED, MAY CONTAIN CONFIDENTIAL BUSINESS INFORMATION]", ,Y,,Y, ,,, ,Y,No,,No,ADAS,, , ,Y, , , , , ,,AUG-2023, ,AUG-2023,14:29, ,63cee5e5d8cf27d,[MAY CONTAIN PERSONALLY IDENTIFIABLE INFORMATION], ,[MAY CONTAIN PERSONALLY IDENTIFIABLE INFORMATION], ,[MAY CONTAIN PERSONALLY IDENTIFIABLE INFORMATION], ,Brea, ,CA ,[MAY CONTAIN PERSONALLY IDENTIFIABLE INFORMATION], ,Highway / Freeway,Dry,No Unusual Conditions,65, ,Daylight,Y, , , , , , , ,,Pickup Truck,Unknown,Yes,Proceeding Straight,Unknown,Unknown, , ,Y, , ,Y, , ,Y, , ,"Other, see Narrative",Unknown,Yes,Unknown,1, ,Y, , ,Y, , ,Y, , , , ,Y, ,Y, ,Y,Y, , ,Unknown,,Y,Unknown,,Y,,Y,,Y,"[REDACTED, MAY CONTAIN CONFIDENTIAL BUSINESS INFORMATION]",Y,"[REDACTED, MAY CONTAIN CONFIDENTIAL BUSINESS INFORMATION]",Y
945-5880,2,"Nissan North America, Inc.",Update,,,AUG-2023,JN8BT3BB5NW, ,N/A,Nissan,Rogue, ,2022, ,d2d2d03ac189e4d,10000, ,Consumer,ProPilot Assist, , ,,Y, ,,Y, ,,Y, ,,,Y, ,Unknown,,No,ADAS,, ,Y, , , , , , ,,JUN-2023, ,JUL-2023,06:00, ,a84eef2dfe44978,,Y,,Y,[MAY CONTAIN PERSONALLY IDENTIFIABLE INFORMATION], ,St. Paul, ,MN ,,Y,Intersection,Unknown,Unknown,,Y,Daylight, , , , , , ,Y, ,,Unknown,No Injuries Reported,Yes,Unknown,Unknown,Unknown, , , , , , , , , , ,Y,Unknown,Unknown,Yes,Unknown,,Y, , , , , , , , , , ,Y, , , ,Y, , , , ,Unknown,,Y,Yes,,Y,,Y,,Y,"No, see Narrative", ,"The information contained in this report is based solely on Nissan's understanding of the allegations received during Claimant's discussions with Nissan's Consumer Affairs representatives.  
On 7/[XXX]/2023, Claimant orally reported that she was crossing an intersection while using the ProPilot Assist (PPA) system, the system turned off, she had to apply ""hard brakes,"" but the subject vehicle crashed into another vehicle.  Claimant reported the subject vehicle was towed to a Nissan dealer.
During a follow-up call on 7/[XXX]/2023, Claimant reported that the PPA disengaged automatically after the ""alarm system went off for the brakes"".  The subject vehicle reportedly hit the rear of another vehicle.
During a follow-up call on 7/11/2023, Claimant reported that she is alleging a defect with the engine caused the accident not the PPA.  She reportedly has concerns with the PPA, but not related to this specific accident nor any accident in general.  She reported that the PPA was not in use at the time of this accident.  Nissan requested a vehicle inspection.
On 7/18/2023, Nissan closed the claim file due to the lack of customer response via phone or email. 
As of 8/14/2023, the customer has made no further attempt to contact Nissan regarding the incident, and the investigation is considered closed at this time.",
945-5789,4,"Nissan North America, Inc.",Update,,,AUG-2023,JN1BJ1CP9KW, ,N/A,Nissan,Rogue Sport, ,2019, ,6db10dd1d9c5aac,36080, ,Consumer,ProPilot Assist, , ,,Y, ,,Y, ,,Y, ,,, ,Y,No,,No,ADAS,, ,Y, , , , , , ,,JUN-2023, ,JUN-2023,23:40, ,19118d8ffc20fc4,,Y,,Y,,Y,,Y,CA ,,Y,Highway / Freeway,Unknown,"Other, see Narrative",,Y,Dark - Unknown Lighting, , , , , , ,Y, ,,"Other, see Narrative",Unknown,Yes,"Other, see Narrative",Not Applicable,Not Applicable, , , , , , , , , , ,Y,"Other, see Narrative",Yes,Yes,Unknown,65, , , , , , ,Y, ,Y, , , , , , ,Y, , , , ,Unknown,,Y,Yes,,Y,,Y,,Y,"Unknown, see Narrative", ,"The information contained in this report is based solely on Nissan's understanding of the allegations received during customer's discussions with Nissan Consumer Affairs representatives.  
On 6/[XXX]/2023, Claimant orally reported that he was driving the subject vehicle with ProPilot Assist (PPA) system on when the vehicle began to veer into the other lanes.  Claimant reportedly attempted to turn the PPA system off but the buttons and brakes stopped working, and the vehicle crashed into a tollbooth.  Claimant reported severe damage to the passenger side and front of the vehicle and airbag deployments. Claimant reported bruising injuries and chest pain but stated he had not seen a doctor yet. 
During a follow-up call on 6/[XXX]/2023, the Claimant stated he was traveling from Sacramento towards San Francisco. Claimant alleges he was stuck in traffic and activated the PPA system at 65 mph, but as he approached the bridge for the tollbooth, he began pressing the button to lower speed.  He alleges the vehicle would not slow down, the steering wheel would not turn, and the brake pedal ""became hard"", and the vehicle continued to accelerate. Claimant alleges the wheel finally let go, but the vehicle hit one side of the tollbooth.  Claimant reported he was transported to the hospital via ambulance.  
Nissan has requested a vehicle inspection.
A vehicle inspection was scheduled for July 12th but was cancelled by the claimant on July 11th prior to Nissan picking up the vehicle. Nissan attempted to re-scheduled for July 19th, but the claimant failed to respond to request. From July 12th to July 18th, six attempts were made to contact the claimant with no response.  On July 20th, Nissan closed the claim file due to lack of customer response.  As of August 14th, there has been no further attempt made by the customer to contact Nissan regarding the incident, and the investigation is considered closed at this time.",
13781-6122,1,"Tesla, Inc.",5-Day,,,AUG-2023,5YJ3E1EA3KF, ,N/A,Tesla,Model 3, ,2019, ,de21af1276eebd1,94569, ,Consumer,"[REDACTED, MAY CONTAIN CONFIDENTIAL BUSINESS INFORMATION]", ,Y,"[REDACTED, MAY CONTAIN CONFIDENTIAL BUSINESS INFORMATION]", ,Y,"[REDACTED, MAY CONTAIN CONFIDENTIAL BUSINESS INFORMATION]", ,Y,,Y, ,,, ,Y,No,,No,ADAS,, , ,Y, , , , , ,,JUL-2023, ,AUG-2023,11:23, ,d3a6aa3d9645334,[MAY CONTAIN PERSONALLY IDENTIFIABLE INFORMATION], ,[MAY CONTAIN PERSONALLY IDENTIFIABLE INFORMATION], ,[MAY CONTAIN PERSONALLY IDENTIFIABLE INFORMATION], ,Humble, ,TX ,[MAY CONTAIN PERSONALLY IDENTIFIABLE INFORMATION], ,Intersection,Dry,No Unusual Conditions,45, ,Dawn / Dusk,Y, , , , , , , ,,Passenger Car,Unknown,Yes,"Other, see Narrative",Unknown,Unknown, , ,Y, , ,Y, , , , , ,Proceeding Straight,Yes,Unknown,Unknown,47, , , , , , ,Y, ,Y,Y, , ,Y, ,Y, ,Y,Y, , ,Unknown,,Y,Unknown,,Y,,Y,,Y,"[REDACTED, MAY CONTAIN CONFIDENTIAL BUSINESS INFORMATION]",Y,"[REDACTED, MAY CONTAIN CONFIDENTIAL BUSINESS INFORMATION]",Y